Año de Elección,Candidato (a),Región,Cargo,Electo(a),Fecha de Elección,Fin de Período,Id Región,Inicio de Período,Partido,Sigla Partido,Tipo de Elección,Votos Totales,Votacion Total
1989,PALZA CORVACHO HUMBERTO,DE TARAPACA,SENADOR,SI,1989-12-14,1994,1,1990,DEMOCRATA CRISTIANO,PDC,PARLAMENTARIA,45258,45258
1989,LAGOS COSGROVE JULIO,DE TARAPACA,SENADOR,SI,1989-12-14,1994,1,1990,INDEPENDIENTE,INDEP,PARLAMENTARIA,42079,42079
1989,PALMA FOURCADE ANIBAL,DE TARAPACA,SENADOR,,1989-12-14,1994,1,1990,INDEPENDIENTE,INDEP,PARLAMENTARIA,30965,30965
1989,SORIA QUIROGA JORGE ALEJANDRO,DE TARAPACA,SENADOR,,1989-12-14,1994,1,1990,INDEPENDIENTE,INDEP,PARLAMENTARIA,27064,27064
1989,ABUSLEME ALFARO GABRIEL,DE TARAPACA,SENADOR,,1989-12-14,1994,1,1990,RENOVACION NACIONAL,RN,PARLAMENTARIA,7471,7471
1989,VOTOS NULOS,DE TARAPACA,SENADOR,,1989-12-14,1994,1,1990,  ,   ,PARLAMENTARIA,5034,207554
1989,PINO PARRAGUEZ RAQUEL,DE TARAPACA,SENADOR,,1989-12-14,1994,1,1990,INDEPENDIENTE,INDEP,PARLAMENTARIA,4089,4089
1989,VOTOS EN BLANCO,DE TARAPACA,SENADOR,,1989-12-14,1994,1,1990,  ,   ,PARLAMENTARIA,3725,150445
1989,DOUGNAC RODRIGUEZ FERNANDO,DE TARAPACA,SENADOR,,1989-12-14,1994,1,1990,INDEPENDIENTE,INDEP,PARLAMENTARIA,2644,2644
1989,BARAQUETT JORRATT YULIA,DE TARAPACA,SENADOR,,1989-12-14,1994,1,1990,INDEPENDIENTE,INDEP,PARLAMENTARIA,2143,2143
1989,FREI RUIZ-TAGLE CARMEN,DE ANTOFAGASTA,SENADOR,SI,1989-12-14,1994,2,1990,DEMOCRATA CRISTIANO,PDC,PARLAMENTARIA,58852,58852
1989,ALESSANDRI BESA ARTURO,DE ANTOFAGASTA,SENADOR,SI,1989-12-14,1994,2,1990,INDEPENDIENTE,INDEP,PARLAMENTARIA,41672,41672
1989,POLLAROLO VILLA FANNY,DE ANTOFAGASTA,SENADOR,,1989-12-14,1994,2,1990,P.A.I.S.,PAIS,PARLAMENTARIA,46599,46599
1989,RAZMILIC VLAHOVIC RADOSLAV,DE ANTOFAGASTA,SENADOR,,1989-12-14,1994,2,1990,RENOVACION NACIONAL,RN,PARLAMENTARIA,29367,29367
1989,JULIO CONTRERAS BERNARDO,DE ANTOFAGASTA,SENADOR,,1989-12-14,1994,2,1990,RADICAL,PR,PARLAMENTARIA,25608,25608
1989,VOTOS NULOS,DE ANTOFAGASTA,SENADOR,,1989-12-14,1994,2,1990,  ,   ,PARLAMENTARIA,6907,207554
1989,VOTOS EN BLANCO,DE ANTOFAGASTA,SENADOR,,1989-12-14,1994,2,1990,  ,   ,PARLAMENTARIA,3614,150445
1989,ARAYA ALFARO GUSTAVO,DE ANTOFAGASTA,SENADOR,,1989-12-14,1994,2,1990,P.A.I.S.,PAIS,PARLAMENTARIA,1992,1992
1989,NUÑEZ MUÑOZ RICARDO,DE ATACAMA,SENADOR,SI,1989-12-14,1994,3,1990,POR LA DEMOCRACIA,PPD,PARLAMENTARIA,36295,36295
1989,PEREZ WALKER IGNACIO,DE ATACAMA,SENADOR,SI,1989-12-14,1994,3,1990,RENOVACION NACIONAL,RN,PARLAMENTARIA,24147,24147
1989,ZALDIVAR LARRAIN ADOLFO,DE ATACAMA,SENADOR,,1989-12-14,1994,3,1990,DEMOCRATA CRISTIANO,PDC,PARLAMENTARIA,30933,30933
1989,GOMEZ GALLO JONAS,DE ATACAMA,SENADOR,,1989-12-14,1994,3,1990,INDEPENDIENTE,INDEP,PARLAMENTARIA,12131,12131
1989,VOTOS NULOS,DE ATACAMA,SENADOR,,1989-12-14,1994,3,1990,  ,   ,PARLAMENTARIA,3376,207554
1989,BOGDANIC BASSI LUIS,DE ATACAMA,SENADOR,,1989-12-14,1994,3,1990,LIBERAL,PL,PARLAMENTARIA,2669,2669
1989,NEHME CERDA ELIAS OSCAR,DE ATACAMA,SENADOR,,1989-12-14,1994,3,1990,INDEPENDIENTE,INDEP,PARLAMENTARIA,2574,2574
1989,VOTOS EN BLANCO,DE ATACAMA,SENADOR,,1989-12-14,1994,3,1990,  ,   ,PARLAMENTARIA,2506,150445
1989,HORMAZABAL SANCHEZ RICARDO,DE COQUIMBO,SENADOR,SI,1989-12-14,1994,4,1990,DEMOCRATA CRISTIANO,PDC,PARLAMENTARIA,88301,88301
1989,COOPER VALENCIA ALBERTO,DE COQUIMBO,SENADOR,SI,1989-12-14,1994,4,1990,INDEPENDIENTE,INDEP,PARLAMENTARIA,46474,46474
1989,INSUNZA BECKER JORGE,DE COQUIMBO,SENADOR,,1989-12-14,1994,4,1990,P.A.I.S.,PAIS,PARLAMENTARIA,49191,49191
1989,CHADWICK PIÑERA HERMAN,DE COQUIMBO,SENADOR,,1989-12-14,1994,4,1990,UNION DEMOCRATA INDEPENDIENTE,UDI,PARLAMENTARIA,39367,39367
1989,DURAN NEUMANN JULIO,DE COQUIMBO,SENADOR,,1989-12-14,1994,4,1990,DEMOCRACIA RADICAL,DR,PARLAMENTARIA,13493,13493
1989,VOTOS EN BLANCO,DE COQUIMBO,SENADOR,,1989-12-14,1994,4,1990,  ,   ,PARLAMENTARIA,8018,150445
1989,VOTOS NULOS,DE COQUIMBO,SENADOR,,1989-12-14,1994,4,1990,  ,   ,PARLAMENTARIA,7151,207554
1989,GONZALEZ HERRERA JUAN ELISEO,DE COQUIMBO,SENADOR,,1989-12-14,1994,4,1990,P.A.I.S.,PAIS,PARLAMENTARIA,2795,2795
1989,SOTO GONZALEZ LAURA,DE VALPARAISO,SENADOR,SI,1989-12-14,1994,5,1990,POR LA DEMOCRACIA,PPD,PARLAMENTARIA,114335,114335
1989,GONZALEZ MARQUEZ CARLOS RUBEN,DE VALPARAISO,SENADOR,SI,1989-12-14,1994,5,1990,RADICAL,PR,PARLAMENTARIA,72721,72721
1989,ROMERO PIZARRO SERGIO,DE VALPARAISO,SENADOR,SI,1989-12-14,1994,5,1990,INDEPENDIENTE,INDEP,PARLAMENTARIA,71551,71551
1989,URENDA ZEGERS BELTRAN,DE VALPARAISO,SENADOR,SI,1989-12-14,1994,5,1990,INDEPENDIENTE,INDEP,PARLAMENTARIA,69169,69169
1989,HAMILTON DEPASSIER JUAN,DE VALPARAISO,SENADOR,,1989-12-14,1994,5,1990,DEMOCRATA CRISTIANO,PDC,PARLAMENTARIA,112626,112626
1989,YUSEFF SOTOMAYOR GONZALO,DE VALPARAISO,SENADOR,,1989-12-14,1994,5,1990,RENOVACION NACIONAL,RN,PARLAMENTARIA,68111,68111
1989,GUASTAVINO CORDOVA LUIS,DE VALPARAISO,SENADOR,,1989-12-14,1994,5,1990,P.A.I.S.,PAIS,PARLAMENTARIA,60544,60544
1989,SAENZ ROJAS ORLANDO,DE VALPARAISO,SENADOR,,1989-12-14,1994,5,1990,INDEPENDIENTE,INDEP,PARLAMENTARIA,59195,59195
1989,ELUCHANS MALHERBE EDMUNDO,DE VALPARAISO,SENADOR,,1989-12-14,1994,5,1990,INDEPENDIENTE,INDEP,PARLAMENTARIA,50146,50146
1989,PARRA BARTET JULIO EDUARDO,DE VALPARAISO,SENADOR,,1989-12-14,1994,5,1990,INDEPENDIENTE,INDEP,PARLAMENTARIA,30693,30693
1989,VOTOS NULOS,DE VALPARAISO,SENADOR,,1989-12-14,1994,5,1990,  ,   ,PARLAMENTARIA,23335,207554
1989,VOTOS EN BLANCO,DE VALPARAISO,SENADOR,,1989-12-14,1994,5,1990,  ,   ,PARLAMENTARIA,15524,150445
1989,SILVA VERGARA RAUL,DE VALPARAISO,SENADOR,,1989-12-14,1994,5,1990,INDEPENDIENTE,INDEP,PARLAMENTARIA,12569,12569
1989,VALENCIA DURAN SERGIO HERNAN,DE VALPARAISO,SENADOR,,1989-12-14,1994,5,1990,INDEPENDIENTE,INDEP,PARLAMENTARIA,11815,11815
1989,FREIRE CANTO JOSE,DE VALPARAISO,SENADOR,,1989-12-14,1994,5,1990,P.A.I.S.,PAIS,PARLAMENTARIA,2339,2339
1989,DIAZ SANCHEZ NICOLAS,DEL LIBERTADOR BDO. O'HIGGINS,SENADOR,SI,1989-12-14,1994,6,1990,DEMOCRATA CRISTIANO,PDC,PARLAMENTARIA,106123,106123
1989,SULE CANDIA ANSELMO,DEL LIBERTADOR BDO. O'HIGGINS,SENADOR,SI,1989-12-14,1994,6,1990,INDEPENDIENTE,INDEP,PARLAMENTARIA,105635,105635
1989,ORUETA ANSOLEAGA ALFONSO,DEL LIBERTADOR BDO. O'HIGGINS,SENADOR,,1989-12-14,1994,6,1990,RENOVACION NACIONAL,RN,PARLAMENTARIA,62746,62746
1989,VALDES VALDES MANUEL,DEL LIBERTADOR BDO. O'HIGGINS,SENADOR,,1989-12-14,1994,6,1990,INDEPENDIENTE,INDEP,PARLAMENTARIA,35673,35673
1989,CUMSILLE ZAPAPA RAFAEL,DEL LIBERTADOR BDO. O'HIGGINS,SENADOR,,1989-12-14,1994,6,1990,INDEPENDIENTE,INDEP,PARLAMENTARIA,24919,24919
1989,DURAN NEUMANN DOMINGO,DEL LIBERTADOR BDO. O'HIGGINS,SENADOR,,1989-12-14,1994,6,1990,DEMOCRACIA RADICAL,DR,PARLAMENTARIA,15199,15199
1989,VOTOS EN BLANCO,DEL LIBERTADOR BDO. O'HIGGINS,SENADOR,,1989-12-14,1994,6,1990,  ,   ,PARLAMENTARIA,10416,150445
1989,VOTOS NULOS,DEL LIBERTADOR BDO. O'HIGGINS,SENADOR,,1989-12-14,1994,6,1990,  ,   ,PARLAMENTARIA,10082,207554
1989,BUSTOS GOMEZ RICARDO HERNAN,DEL LIBERTADOR BDO. O'HIGGINS,SENADOR,,1989-12-14,1994,6,1990,LIBERAL,PL,PARLAMENTARIA,7207,7207
1989,PACHECO GOMEZ MAXIMO,DEL MAULE,SENADOR,SI,1989-12-14,1994,7,1990,DEMOCRATA CRISTIANO,PDC,PARLAMENTARIA,114334,114334
1989,GAZMURI MUJICA JAIME,DEL MAULE,SENADOR,SI,1989-12-14,1994,7,1990,POR LA DEMOCRACIA,PPD,PARLAMENTARIA,56826,56826
1989,JARPA REYES SERGIO ONOFRE,DEL MAULE,SENADOR,SI,1989-12-14,1994,7,1990,RENOVACION NACIONAL,RN,PARLAMENTARIA,55811,55811
1989,PAPI BEYER MARIO,DEL MAULE,SENADOR,SI,1989-12-14,1994,7,1990,INDEPENDIENTE,INDEP,PARLAMENTARIA,48765,48765
1989,CARDEMIL HERRERA ALBERTO,DEL MAULE,SENADOR,,1989-12-14,1994,7,1990,RENOVACION NACIONAL,RN,PARLAMENTARIA,66352,66352
1989,SAENZ SAAVEDRA JOSE TOMAS,DEL MAULE,SENADOR,,1989-12-14,1994,7,1990,HUMANISTA,PH,PARLAMENTARIA,35534,35534
1989,RODRIGUEZ VILLALOBOS SILVIO,DEL MAULE,SENADOR,,1989-12-14,1994,7,1990,INDEPENDIENTE,INDEP,PARLAMENTARIA,15674,15674
1989,VOTOS NULOS,DEL MAULE,SENADOR,,1989-12-14,1994,7,1990,  ,   ,PARLAMENTARIA,14476,207554
1989,PAROT SMITS PATRICIO ALEJANDRO,DEL MAULE,SENADOR,,1989-12-14,1994,7,1990,INDEPENDIENTE,INDEP,PARLAMENTARIA,12409,12409
1989,VOTOS EN BLANCO,DEL MAULE,SENADOR,,1989-12-14,1994,7,1990,  ,   ,PARLAMENTARIA,11322,150445
1989,RENTERIA MEDINA ROLANDO,DEL MAULE,SENADOR,,1989-12-14,1994,7,1990,RENOVACION NACIONAL,RN,PARLAMENTARIA,8854,8854
1989,RONCAGLIOLO TAJ-TAJ ALDO DANTE,DEL MAULE,SENADOR,,1989-12-14,1994,7,1990,INDEPENDIENTE,INDEP,PARLAMENTARIA,6809,6809
1989,BRICEÑO PEREZ GUIDO,DEL MAULE,SENADOR,,1989-12-14,1994,7,1990,SOCIALISTA CHILENO,PSCH,PARLAMENTARIA,4254,4254
1989,PARADA CASTRO ATILIANO,DEL MAULE,SENADOR,,1989-12-14,1994,7,1990,INDEPENDIENTE,INDEP,PARLAMENTARIA,2955,2955
1989,FREI BOLIVAR ARTURO,DEL BIOBIO,SENADOR,SI,1989-12-14,1994,8,1990,DEMOCRATA CRISTIANO,PDC,PARLAMENTARIA,195766,195766
1989,RUIZ-ESQUIDE JARA MARIANO,DEL BIOBIO,SENADOR,SI,1989-12-14,1994,8,1990,DEMOCRATA CRISTIANO,PDC,PARLAMENTARIA,111432,111432
1989,CANTUARIAS LARRONDO EUGENIO,DEL BIOBIO,SENADOR,SI,1989-12-14,1994,8,1990,UNION DEMOCRATA INDEPENDIENTE,UDI,PARLAMENTARIA,83641,83641
1989,RIOS SANTANDER MARIO,DEL BIOBIO,SENADOR,SI,1989-12-14,1994,8,1990,RENOVACION NACIONAL,RN,PARLAMENTARIA,73858,73858
1989,MAIRA AGUIRRE LUIS,DEL BIOBIO,SENADOR,,1989-12-14,1994,8,1990,P.A.I.S.,PAIS,PARLAMENTARIA,124854,124854
1989,CONDEZA VACCARO EDGARDO,DEL BIOBIO,SENADOR,,1989-12-14,1994,8,1990,POR LA DEMOCRACIA,PPD,PARLAMENTARIA,101587,101587
1989,GAZMURI SCHLEYER RENATO,DEL BIOBIO,SENADOR,,1989-12-14,1994,8,1990,RENOVACION NACIONAL,RN,PARLAMENTARIA,74247,74247
1989,ARTHUR ERRAZURIZ GUILLERMO,DEL BIOBIO,SENADOR,,1989-12-14,1994,8,1990,INDEPENDIENTE,INDEP,PARLAMENTARIA,71251,71251
1989,REYES CASTILLO FIDEL,DEL BIOBIO,SENADOR,,1989-12-14,1994,8,1990,INDEPENDIENTE,INDEP,PARLAMENTARIA,34939,34939
1989,VOTOS NULOS,DEL BIOBIO,SENADOR,,1989-12-14,1994,8,1990,  ,   ,PARLAMENTARIA,28998,207554
1989,VOTOS EN BLANCO,DEL BIOBIO,SENADOR,,1989-12-14,1994,8,1990,  ,   ,PARLAMENTARIA,24266,150445
1989,LAVANDERO ILLANES JORGE,DE LA ARAUCANIA,SENADOR,SI,1989-12-14,1994,9,1990,DEMOCRATA CRISTIANO,PDC,PARLAMENTARIA,107328,107328
1989,DIEZ URZUA SERGIO,DE LA ARAUCANIA,SENADOR,SI,1989-12-14,1994,9,1990,INDEPENDIENTE,INDEP,PARLAMENTARIA,53868,53868
1989,NAVARRETE BETANZO RICARDO,DE LA ARAUCANIA,SENADOR,SI,1989-12-14,1994,9,1990,RADICAL,PR,PARLAMENTARIA,39486,39486
1989,PRAT ALEMPARTE FRANCISCO,DE LA ARAUCANIA,SENADOR,SI,1989-12-14,1994,9,1990,RENOVACION NACIONAL,RN,PARLAMENTARIA,29619,29619
1989,DIAZ HERRERA EDUARDO,DE LA ARAUCANIA,SENADOR,,1989-12-14,1994,9,1990,DEL SUR,SUR,PARLAMENTARIA,45584,45584
1989,SCHNAKE SILVA ERICH,DE LA ARAUCANIA,SENADOR,,1989-12-14,1994,9,1990,POR LA DEMOCRACIA,PPD,PARLAMENTARIA,30350,30350
1989,CARMINE ZUÑIGA VICTOR,DE LA ARAUCANIA,SENADOR,,1989-12-14,1994,9,1990,INDEPENDIENTE,INDEP,PARLAMENTARIA,26073,26073
1989,PHILLIPS PEÑAFIEL PATRICIO,DE LA ARAUCANIA,SENADOR,,1989-12-14,1994,9,1990,NACIONAL,PN,PARLAMENTARIA,17304,17304
1989,MATURANA ERBETTA FERNANDO,DE LA ARAUCANIA,SENADOR,,1989-12-14,1994,9,1990,RENOVACION NACIONAL,RN,PARLAMENTARIA,16563,16563
1989,SUBERCASEAUX BARROS JULIO,DE LA ARAUCANIA,SENADOR,,1989-12-14,1994,9,1990,POR LA DEMOCRACIA,PPD,PARLAMENTARIA,15102,15102
1989,VOTOS NULOS,DE LA ARAUCANIA,SENADOR,,1989-12-14,1994,9,1990,  ,   ,PARLAMENTARIA,12926,207554
1989,VOTOS EN BLANCO,DE LA ARAUCANIA,SENADOR,,1989-12-14,1994,9,1990,  ,   ,PARLAMENTARIA,10636,150445
1989,GARCIA SWART GUILLERMO SANTIAGO,DE LA ARAUCANIA,SENADOR,,1989-12-14,1994,9,1990,NACIONAL,PN,PARLAMENTARIA,3627,3627
1989,VALDES SUBERCASEAUX GABRIEL,DE LOS LAGOS,SENADOR,SI,1989-12-14,1994,10,1990,DEMOCRATA CRISTIANO,PDC,PARLAMENTARIA,102784,102784
1989,LARRE ASENJO ENRIQUE,DE LOS LAGOS,SENADOR,SI,1989-12-14,1994,10,1990,INDEPENDIENTE,INDEP,PARLAMENTARIA,78713,78713
1989,SIEBERT HELD BRUNO,DE LOS LAGOS,SENADOR,SI,1989-12-14,1994,10,1990,INDEPENDIENTE,INDEP,PARLAMENTARIA,66416,66416
1989,PAEZ VERDUGO SERGIO,DE LOS LAGOS,SENADOR,SI,1989-12-14,1994,10,1990,DEMOCRATA CRISTIANO,PDC,PARLAMENTARIA,62503,62503
1989,RODRIGUEZ ARENAS ANICETO,DE LOS LAGOS,SENADOR,,1989-12-14,1994,10,1990,POR LA DEMOCRACIA,PPD,PARLAMENTARIA,55334,55334
1989,RIVAS LARRAIN FRANCISCO,DE LOS LAGOS,SENADOR,,1989-12-14,1994,10,1990,INDEPENDIENTE,INDEP,PARLAMENTARIA,40574,40574
1989,FERRADA VALENZUELA LUIS VALENTIN,DE LOS LAGOS,SENADOR,,1989-12-14,1994,10,1990,INDEPENDIENTE,INDEP,PARLAMENTARIA,29012,29012
1989,ACUÑA MENDEZ AGUSTIN,DE LOS LAGOS,SENADOR,,1989-12-14,1994,10,1990,INDEPENDIENTE,INDEP,PARLAMENTARIA,22690,22690
1989,VOTOS NULOS,DE LOS LAGOS,SENADOR,,1989-12-14,1994,10,1990,  ,   ,PARLAMENTARIA,16032,207554
1989,VOTOS EN BLANCO,DE LOS LAGOS,SENADOR,,1989-12-14,1994,10,1990,  ,   ,PARLAMENTARIA,14444,150445
1989,VODANOVIC SCHNAKE HERNAN,AISEN DEL GRAL. CARLOS IBAÑEZ,SENADOR,SI,1989-12-14,1994,11,1990,POR LA DEMOCRACIA,PPD,PARLAMENTARIA,10856,10856
1989,ORTIZ DE FILIPPI HUGO,AISEN DEL GRAL. CARLOS IBAÑEZ,SENADOR,SI,1989-12-14,1994,11,1990,RENOVACION NACIONAL,RN,PARLAMENTARIA,9324,9324
1989,VALENCIA GUTIERREZ HERNAN,AISEN DEL GRAL. CARLOS IBAÑEZ,SENADOR,,1989-12-14,1994,11,1990,RADICAL,PR,PARLAMENTARIA,9549,9549
1989,GALILEA MAURET PABLO,AISEN DEL GRAL. CARLOS IBAÑEZ,SENADOR,,1989-12-14,1994,11,1990,INDEPENDIENTE,INDEP,PARLAMENTARIA,5538,5538
1989,VOTOS EN BLANCO,AISEN DEL GRAL. CARLOS IBAÑEZ,SENADOR,,1989-12-14,1994,11,1990,  ,   ,PARLAMENTARIA,1023,150445
1989,VOTOS NULOS,AISEN DEL GRAL. CARLOS IBAÑEZ,SENADOR,,1989-12-14,1994,11,1990,  ,   ,PARLAMENTARIA,836,207554
1989,MOLINA FUENZALIDA JOSE RAMON,AISEN DEL GRAL. CARLOS IBAÑEZ,SENADOR,,1989-12-14,1994,11,1990,AVANZADA NACIONAL,AN,PARLAMENTARIA,697,697
1989,TORO ALBORNOZ GUILLERMO,AISEN DEL GRAL. CARLOS IBAÑEZ,SENADOR,,1989-12-14,1994,11,1990,LIBERAL,PL,PARLAMENTARIA,244,244
1989,TORRES ARAYA JUAN ANTONIO,AISEN DEL GRAL. CARLOS IBAÑEZ,SENADOR,,1989-12-14,1994,11,1990,INDEPENDIENTE,INDEP,PARLAMENTARIA,234,234
1989,RUIZ DE GIORGIO JOSE,DE MAGALLANES Y ANTARTICA CH.,SENADOR,SI,1989-12-14,1994,12,1990,DEMOCRATA CRISTIANO,PDC,PARLAMENTARIA,35220,35220
1989,CALDERON ARANGUIZ ROLANDO,DE MAGALLANES Y ANTARTICA CH.,SENADOR,SI,1989-12-14,1994,12,1990,INDEPENDIENTE,INDEP,PARLAMENTARIA,17062,17062
1989,DANUS COVIAN LUIS,DE MAGALLANES Y ANTARTICA CH.,SENADOR,,1989-12-14,1994,12,1990,INDEPENDIENTE,INDEP,PARLAMENTARIA,19230,19230
1989,DOBERTI GUIC EDUARDO,DE MAGALLANES Y ANTARTICA CH.,SENADOR,,1989-12-14,1994,12,1990,RENOVACION NACIONAL,RN,PARLAMENTARIA,5332,5332
1989,VOTOS NULOS,DE MAGALLANES Y ANTARTICA CH.,SENADOR,,1989-12-14,1994,12,1990,  ,   ,PARLAMENTARIA,2228,207554
1989,ALVAREZ RODRIGUEZ GERARDO,DE MAGALLANES Y ANTARTICA CH.,SENADOR,,1989-12-14,1994,12,1990,INDEPENDIENTE,INDEP,PARLAMENTARIA,2099,2099
1989,VOTOS EN BLANCO,DE MAGALLANES Y ANTARTICA CH.,SENADOR,,1989-12-14,1994,12,1990,  ,   ,PARLAMENTARIA,1347,150445
1989,FREI RUIZ-TAGLE EDUARDO,METROPOLITANA DE SANTIAGO,SENADOR,SI,1989-12-14,1994,13,1990,DEMOCRATA CRISTIANO,PDC,PARLAMENTARIA,608559,608559
1989,ZALDIVAR LARRAIN ANDRES,METROPOLITANA DE SANTIAGO,SENADOR,SI,1989-12-14,1994,13,1990,DEMOCRATA CRISTIANO,PDC,PARLAMENTARIA,408227,408227
1989,PIÑERA ECHENIQUE SEBASTIAN,METROPOLITANA DE SANTIAGO,SENADOR,SI,1989-12-14,1994,13,1990,INDEPENDIENTE,INDEP,PARLAMENTARIA,325238,325238
1989,GUZMAN ERRAZURIZ JAIME,METROPOLITANA DE SANTIAGO,SENADOR,SI,1989-12-14,1994,13,1990,UNION DEMOCRATA INDEPENDIENTE,UDI,PARLAMENTARIA,224396,224396
1989,LAGOS ESCOBAR RICARDO,METROPOLITANA DE SANTIAGO,SENADOR,,1989-12-14,1994,13,1990,POR LA DEMOCRACIA,PPD,PARLAMENTARIA,399721,399721
1989,CARRERA VILLAVICENCIO MARIA,METROPOLITANA DE SANTIAGO,SENADOR,,1989-12-14,1994,13,1990,INDEPENDIENTE,INDEP,PARLAMENTARIA,221080,221080
1989,PEREZ DE ARCE IBIETA HERMOGENES,METROPOLITANA DE SANTIAGO,SENADOR,,1989-12-14,1994,13,1990,INDEPENDIENTE,INDEP,PARLAMENTARIA,208292,208292
1989,OTERO LATHROP MIGUEL,METROPOLITANA DE SANTIAGO,SENADOR,,1989-12-14,1994,13,1990,RENOVACION NACIONAL,RN,PARLAMENTARIA,199856,199856
1989,VOTOS NULOS,METROPOLITANA DE SANTIAGO,SENADOR,,1989-12-14,1994,13,1990,  ,   ,PARLAMENTARIA,76173,207554
1989,SANTANDER SEPULVEDA SERGIO,METROPOLITANA DE SANTIAGO,SENADOR,,1989-12-14,1994,13,1990,INDEPENDIENTE,INDEP,PARLAMENTARIA,59834,59834
1989,VOTOS EN BLANCO,METROPOLITANA DE SANTIAGO,SENADOR,,1989-12-14,1994,13,1990,  ,   ,PARLAMENTARIA,43604,150445
1989,VIAL WILLIAMS SERGIO,METROPOLITANA DE SANTIAGO,SENADOR,,1989-12-14,1994,13,1990,INDEPENDIENTE,INDEP,PARLAMENTARIA,42633,42633
1989,SAENZ TERPELLE CARMEN IDA,METROPOLITANA DE SANTIAGO,SENADOR,,1989-12-14,1994,13,1990,NACIONAL,PN,PARLAMENTARIA,22810,22810
1989,MIRANDA CABALLERO RODRIGO,METROPOLITANA DE SANTIAGO,SENADOR,,1989-12-14,1994,13,1990,INDEPENDIENTE,INDEP,PARLAMENTARIA,13435,13435
1993,BITAR CHACRA SERGIO,DE TARAPACA,SENADOR,SI,1993-12-11,2002,1,1994,POR LA DEMOCRACIA,PPD,PARLAMENTARIA,63810,63810
1993,LAGOS COSGROVE JULIO,DE TARAPACA,SENADOR,SI,1993-12-11,2002,1,1994,RENOVACION NACIONAL,RN,PARLAMENTARIA,41328,41328
1993,PALZA CORVACHO HUMBERTO,DE TARAPACA,SENADOR,,1993-12-11,2002,1,1994,DEMOCRATA CRISTIANO,PDC,PARLAMENTARIA,29426,29426
1993,DITTBORN CORDUA JULIO,DE TARAPACA,SENADOR,,1993-12-11,2002,1,1994,UNION DEMOCRATA INDEPENDIENTE,UDI,PARLAMENTARIA,17005,17005
1993,VOTOS NULOS,DE TARAPACA,SENADOR,,1993-12-11,2002,1,1994,  ,   ,PARLAMENTARIA,9242,100809
1993,BARROS PEREZ-COTAPOS JAIME,DE TARAPACA,SENADOR,,1993-12-11,2002,1,1994,COMUNISTA DE CHILE,PCCH,PARLAMENTARIA,6567,6567
1993,VOTOS EN BLANCO,DE TARAPACA,SENADOR,,1993-12-11,2002,1,1994, ,  ,PARLAMENTARIA,5625,70745
1993,MIRANDA VIVACETA MYRNA,DE TARAPACA,SENADOR,,1993-12-11,2002,1,1994,ALIANZA HUMANISTA-VERDE,PHV,PARLAMENTARIA,2220,2220
1993,MUÑOZ LEIGTON VICTOR,DE TARAPACA,SENADOR,,1993-12-11,2002,1,1994,INDEPENDIENTE,INDEP,PARLAMENTARIA,1435,1435
1993,NUÑEZ MUÑOZ RICARDO,DE ATACAMA,SENADOR,SI,1993-12-11,2002,3,1994,SOCIALISTA DE CHILE,PS,PARLAMENTARIA,32442,32442
1993,PEREZ WALKER IGNACIO,DE ATACAMA,SENADOR,SI,1993-12-11,2002,3,1994,RENOVACION NACIONAL,RN,PARLAMENTARIA,23737,23737
1993,CARRASCO GOUET SERGIO,DE ATACAMA,SENADOR,,1993-12-11,2002,3,1994,RADICAL DE CHILE,PR,PARLAMENTARIA,29023,29023
1993,GONZALEZ SAMOHOD ALEJANDRO,DE ATACAMA,SENADOR,,1993-12-11,2002,3,1994,UNION DEMOCRATA INDEPENDIENTE,UDI,PARLAMENTARIA,14686,14686
1993,VOTOS NULOS,DE ATACAMA,SENADOR,,1993-12-11,2002,3,1994,  ,   ,PARLAMENTARIA,5787,100809
1993,FIGUEROA TABILO MARCELINO,DE ATACAMA,SENADOR,,1993-12-11,2002,3,1994,COMUNISTA DE CHILE,PCCH,PARLAMENTARIA,5390,5390
1993,VOTOS EN BLANCO,DE ATACAMA,SENADOR,,1993-12-11,2002,3,1994, ,  ,PARLAMENTARIA,4599,70745
1993,BARRAZA GUY JUAN CARLOS,DE ATACAMA,SENADOR,,1993-12-11,2002,3,1994,INDEPENDIENTE,INDEP,PARLAMENTARIA,4339,4339
1993,OMINAMI PASCUAL CARLOS,DE VALPARAISO,SENADOR,SI,1993-12-11,2002,5,1994,SOCIALISTA DE CHILE,PS,PARLAMENTARIA,117699,117699
1993,URENDA ZEGERS BELTRAN,DE VALPARAISO,SENADOR,SI,1993-12-11,2002,5,1994,UNION DEMOCRATA INDEPENDIENTE,UDI,PARLAMENTARIA,117205,117205
1993,HAMILTON DEPASSIER JUAN,DE VALPARAISO,SENADOR,SI,1993-12-11,2002,5,1994,DEMOCRATA CRISTIANO,PDC,PARLAMENTARIA,116515,116515
1993,ROMERO PIZARRO SERGIO,DE VALPARAISO,SENADOR,SI,1993-12-11,2002,5,1994,RENOVACION NACIONAL,RN,PARLAMENTARIA,109538,109538
1993,SOTO GONZALEZ LAURA,DE VALPARAISO,SENADOR,,1993-12-11,2002,5,1994,POR LA DEMOCRACIA,PPD,PARLAMENTARIA,113568,113568
1993,GONZALEZ MARQUEZ CARLOS RUBEN,DE VALPARAISO,SENADOR,,1993-12-11,2002,5,1994,RADICAL DE CHILE,PR,PARLAMENTARIA,57253,57253
1993,VOTOS NULOS,DE VALPARAISO,SENADOR,,1993-12-11,2002,5,1994,  ,   ,PARLAMENTARIA,44290,100809
1993,CERDA GARCIA EDUARDO,DE VALPARAISO,SENADOR,,1993-12-11,2002,5,1994,INDEPENDIENTE,INDEP,PARLAMENTARIA,39798,39798
1993,VOTOS EN BLANCO,DE VALPARAISO,SENADOR,,1993-12-11,2002,5,1994, ,  ,PARLAMENTARIA,27947,70745
1993,CORVALAN LEPEZ LUIS,DE VALPARAISO,SENADOR,,1993-12-11,2002,5,1994,COMUNISTA DE CHILE,PCCH,PARLAMENTARIA,18220,18220
1993,PARRA BARTET JULIO EDUARDO,DE VALPARAISO,SENADOR,,1993-12-11,2002,5,1994,UNION DE CENTRO CENTRO,UCC,PARLAMENTARIA,18038,18038
1993,CANTERO PRADO MANUEL,DE VALPARAISO,SENADOR,,1993-12-11,2002,5,1994,COMUNISTA DE CHILE,PCCH,PARLAMENTARIA,12101,12101
1993,GUTIERREZ GONZALEZ EDUARDO,DE VALPARAISO,SENADOR,,1993-12-11,2002,5,1994,INDEPENDIENTE,INDEP,PARLAMENTARIA,8939,8939
1993,ESTIVALES SANCHEZ HUGO,DE VALPARAISO,SENADOR,,1993-12-11,2002,5,1994,INDEPENDIENTE,INDEP,PARLAMENTARIA,8463,8463
1993,ALFSEN OVANDO WILFREDO,DE VALPARAISO,SENADOR,,1993-12-11,2002,5,1994,ALIANZA HUMANISTA-VERDE,PHV,PARLAMENTARIA,3625,3625
1993,ARRIOLA CONTRERAS BESSI,DE VALPARAISO,SENADOR,,1993-12-11,2002,5,1994,ALIANZA HUMANISTA-VERDE,PHV,PARLAMENTARIA,2683,2683
1993,ERRAZURIZ TALAVERA FRANCISCO JAVIER,DEL MAULE,SENADOR,SI,1993-12-11,2002,7,1994,INDEPENDIENTE,INDEP,PARLAMENTARIA,103567,103567
1993,GAZMURI MUJICA JAIME,DEL MAULE,SENADOR,SI,1993-12-11,2002,7,1994,SOCIALISTA DE CHILE,PS,PARLAMENTARIA,82259,82259
1993,MATTA ARAGAY MANUEL,DEL MAULE,SENADOR,SI,1993-12-11,2002,7,1994,DEMOCRATA CRISTIANO,PDC,PARLAMENTARIA,52824,52824
1993,LARRAIN FERNANDEZ HERNAN,DEL MAULE,SENADOR,SI,1993-12-11,2002,7,1994,UNION DEMOCRATA INDEPENDIENTE,UDI,PARLAMENTARIA,41387,41387
1993,ORTEGA RIQUELME EUGENIO,DEL MAULE,SENADOR,,1993-12-11,2002,7,1994,DEMOCRATA CRISTIANO,PDC,PARLAMENTARIA,71353,71353
1993,TARUD DACCARETT JORGE,DEL MAULE,SENADOR,,1993-12-11,2002,7,1994,POR LA DEMOCRACIA,PPD,PARLAMENTARIA,42592,42592
1993,VOTOS NULOS,DEL MAULE,SENADOR,,1993-12-11,2002,7,1994,  ,   ,PARLAMENTARIA,20606,100809
1993,BONILLA MENCHACA OSCAR,DEL MAULE,SENADOR,,1993-12-11,2002,7,1994,UNION DE CENTRO CENTRO,UCC,PARLAMENTARIA,20263,20263
1993,VOTOS EN BLANCO,DEL MAULE,SENADOR,,1993-12-11,2002,7,1994, ,  ,PARLAMENTARIA,15656,70745
1993,MOYA MUÑOZ OSCAR DELFIN,DEL MAULE,SENADOR,,1993-12-11,2002,7,1994,COMUNISTA DE CHILE,PCCH,PARLAMENTARIA,8326,8326
1993,CONCHA GOYCOOLEA JORGE,DEL MAULE,SENADOR,,1993-12-11,2002,7,1994,UNION DE CENTRO CENTRO,UCC,PARLAMENTARIA,8154,8154
1993,ZUÑIGA DIAZ CARLOS,DEL MAULE,SENADOR,,1993-12-11,2002,7,1994,COMUNISTA DE CHILE,PCCH,PARLAMENTARIA,3421,3421
1993,LAVANDERO ILLANES JORGE,DE LA ARAUCANIA,SENADOR,SI,1993-12-11,2002,9,1994,DEMOCRATA CRISTIANO,PDC,PARLAMENTARIA,97389,97389
1993,DIEZ URZUA SERGIO,DE LA ARAUCANIA,SENADOR,SI,1993-12-11,2002,9,1994,RENOVACION NACIONAL,RN,PARLAMENTARIA,58118,58118
1993,MUÑOZ BARRA ROBERTO,DE LA ARAUCANIA,SENADOR,SI,1993-12-11,2002,9,1994,POR LA DEMOCRACIA,PPD,PARLAMENTARIA,55757,55757
1993,PRAT ALEMPARTE FRANCISCO,DE LA ARAUCANIA,SENADOR,SI,1993-12-11,2002,9,1994,RENOVACION NACIONAL,RN,PARLAMENTARIA,38662,38662
1993,DIAZ HERRERA EDUARDO,DE LA ARAUCANIA,SENADOR,,1993-12-11,2002,9,1994,DEL SUR,SUR,PARLAMENTARIA,52509,52509
1993,NAVARRETE BETANZO RICARDO,DE LA ARAUCANIA,SENADOR,,1993-12-11,2002,9,1994,RADICAL DE CHILE,PR,PARLAMENTARIA,33183,33183
1993,CARMINE ZUÑIGA VICTOR,DE LA ARAUCANIA,SENADOR,,1993-12-11,2002,9,1994,INDEPENDIENTE,INDEP,PARLAMENTARIA,27253,27253
1993,VOTOS NULOS,DE LA ARAUCANIA,SENADOR,,1993-12-11,2002,9,1994,  ,   ,PARLAMENTARIA,19527,100809
1993,VOTOS EN BLANCO,DE LA ARAUCANIA,SENADOR,,1993-12-11,2002,9,1994, ,  ,PARLAMENTARIA,15763,70745
1993,CASANOVA CAMERON ORWAL,DE LA ARAUCANIA,SENADOR,,1993-12-11,2002,9,1994,INDEPENDIENTE,INDEP,PARLAMENTARIA,7013,7013
1993,MILLAO PALACIOS JOSE SANTOS,DE LA ARAUCANIA,SENADOR,,1993-12-11,2002,9,1994,COMUNISTA DE CHILE,PCCH,PARLAMENTARIA,5652,5652
1993,TEILLIER DEL VALLE MAURICIO GUY,DE LA ARAUCANIA,SENADOR,,1993-12-11,2002,9,1994,COMUNISTA DE CHILE,PCCH,PARLAMENTARIA,3743,3743
1993,LIEMPI MARIN SERGIO,DE LA ARAUCANIA,SENADOR,,1993-12-11,2002,9,1994,INDEPENDIENTE,INDEP,PARLAMENTARIA,3740,3740
1993,MUÑOZ SALGADO OSCAR HERNAN,DE LA ARAUCANIA,SENADOR,,1993-12-11,2002,9,1994,MOVIMIENTO DE ACCION POPULAR U,MAPU,PARLAMENTARIA,3030,3030
1993,HORVATH KISS ANTONIO,AISEN DEL GRAL. CARLOS IBAÑEZ,SENADOR,SI,1993-12-11,2002,11,1994,INDEPENDIENTE,INDEP,PARLAMENTARIA,11544,11544
1993,ZALDIVAR LARRAIN ADOLFO,AISEN DEL GRAL. CARLOS IBAÑEZ,SENADOR,SI,1993-12-11,2002,11,1994,DEMOCRATA CRISTIANO,PDC,PARLAMENTARIA,11480,11480
1993,ORTIZ DE FILIPPI HUGO,AISEN DEL GRAL. CARLOS IBAÑEZ,SENADOR,,1993-12-11,2002,11,1994,RENOVACION NACIONAL,RN,PARLAMENTARIA,8197,8197
1993,VODANOVIC SCHNAKE HERNAN,AISEN DEL GRAL. CARLOS IBAÑEZ,SENADOR,,1993-12-11,2002,11,1994,SOCIALISTA DE CHILE,PS,PARLAMENTARIA,6005,6005
1993,VOTOS NULOS,AISEN DEL GRAL. CARLOS IBAÑEZ,SENADOR,,1993-12-11,2002,11,1994,  ,   ,PARLAMENTARIA,1357,100809
1993,VOTOS EN BLANCO,AISEN DEL GRAL. CARLOS IBAÑEZ,SENADOR,,1993-12-11,2002,11,1994, ,  ,PARLAMENTARIA,1155,70745
1993,ORTEGA RODRIGUEZ LEOPOLDO,AISEN DEL GRAL. CARLOS IBAÑEZ,SENADOR,,1993-12-11,2002,11,1994,COMUNISTA DE CHILE,PCCH,PARLAMENTARIA,1135,1135
1993,VERA ALBORNOZ HUMBERTO,AISEN DEL GRAL. CARLOS IBAÑEZ,SENADOR,,1993-12-11,2002,11,1994,COMUNISTA DE CHILE,PCCH,PARLAMENTARIA,518,518
1997,FREI RUIZ-TAGLE CARMEN,DE ANTOFAGASTA,SENADOR,SI,1997-12-11,2006,2,1998,DEMOCRATA CRISTIANO,PDC,PARLAMENTARIA,58492,58492
1997,CANTERO OJEDA CARLOS,DE ANTOFAGASTA,SENADOR,SI,1997-12-11,2006,2,1998,RENOVACION NACIONAL,RN,PARLAMENTARIA,40007,40007
1997,REBOLLEDO GONZALEZ VICTOR MANUEL,DE ANTOFAGASTA,SENADOR,,1997-12-11,2006,2,1998,POR LA DEMOCRACIA,PPD,PARLAMENTARIA,43482,43482
1997,VOTOS NULOS,DE ANTOFAGASTA,SENADOR,,1997-12-11,2006,2,1998,  ,  ,PARLAMENTARIA,26493,640672
1997,VALDIVIA GUERRA PATRICIO,DE ANTOFAGASTA,SENADOR,,1997-12-11,2006,2,1998,UNION DEMOCRATA INDEPENDIENTE,UDI,PARLAMENTARIA,14818,14818
1997,CISTERNAS FLORES PEDRO,DE ANTOFAGASTA,SENADOR,,1997-12-11,2006,2,1998,COMUNISTA DE CHILE,PCCH,PARLAMENTARIA,10079,10079
1997,VOTOS EN BLANCO,DE ANTOFAGASTA,SENADOR,,1997-12-11,2006,2,1998,  ,  ,PARLAMENTARIA,6815,222868
1997,PIZARRO SOTO JORGE,DE COQUIMBO,SENADOR,SI,1997-12-11,2006,4,1998,DEMOCRATA CRISTIANO,PDC,PARLAMENTARIA,82598,82598
1997,MATTHEI FORNET EVELYN,DE COQUIMBO,SENADOR,SI,1997-12-11,2006,4,1998,INDEPENDIENTE,INDEP,PARLAMENTARIA,50281,50281
1997,SCHNAKE SILVA ERICH,DE COQUIMBO,SENADOR,,1997-12-11,2006,4,1998,POR LA DEMOCRACIA,PPD,PARLAMENTARIA,40728,40728
1997,MUNIZAGA RODRIGUEZ EUGENIO,DE COQUIMBO,SENADOR,,1997-12-11,2006,4,1998,RENOVACION NACIONAL,RN,PARLAMENTARIA,33612,33612
1997,VOTOS NULOS,DE COQUIMBO,SENADOR,,1997-12-11,2006,4,1998,  ,  ,PARLAMENTARIA,32117,640672
1997,VOTOS EN BLANCO,DE COQUIMBO,SENADOR,,1997-12-11,2006,4,1998,  ,  ,PARLAMENTARIA,11989,222868
1997,GARCIA-HUIDOBRO SEVERIN GONZALO,DE COQUIMBO,SENADOR,,1997-12-11,2006,4,1998,HUMANISTA,PH,PARLAMENTARIA,8439,8439
1997,MORENO ROJAS RAFAEL,DEL LIBERTADOR BDO. O'HIGGINS,SENADOR,SI,1997-12-11,2006,6,1998,DEMOCRATA CRISTIANO,PDC,PARLAMENTARIA,82789,82789
1997,CHADWICK PIÑERA ANDRES,DEL LIBERTADOR BDO. O'HIGGINS,SENADOR,SI,1997-12-11,2006,6,1998,UNION DEMOCRATA INDEPENDIENTE,UDI,PARLAMENTARIA,68167,68167
1997,SULE CANDIA ANSELMO,DEL LIBERTADOR BDO. O'HIGGINS,SENADOR,,1997-12-11,2006,6,1998,RADICAL SOCIALDEMOCRATA,PRSD,PARLAMENTARIA,76091,76091
1997,MADARIAGA GUTIERREZ MONICA,DEL LIBERTADOR BDO. O'HIGGINS,SENADOR,,1997-12-11,2006,6,1998,INDEPENDIENTE,INDEP,PARLAMENTARIA,55112,55112
1997,VOTOS NULOS,DEL LIBERTADOR BDO. O'HIGGINS,SENADOR,,1997-12-11,2006,6,1998,  ,  ,PARLAMENTARIA,44926,640672
1997,POBLETE AVILA CARLOS,DEL LIBERTADOR BDO. O'HIGGINS,SENADOR,,1997-12-11,2006,6,1998,COMUNISTA DE CHILE,PCCH,PARLAMENTARIA,20390,20390
1997,VOTOS EN BLANCO,DEL LIBERTADOR BDO. O'HIGGINS,SENADOR,,1997-12-11,2006,6,1998,  ,  ,PARLAMENTARIA,20037,222868
1997,BARAONA URZUA PABLO,DEL LIBERTADOR BDO. O'HIGGINS,SENADOR,,1997-12-11,2006,6,1998,INDEPENDIENTE,INDEP,PARLAMENTARIA,17687,17687
1997,POBLETE MORALES DARIO,DEL LIBERTADOR BDO. O'HIGGINS,SENADOR,,1997-12-11,2006,6,1998,HUMANISTA,PH,PARLAMENTARIA,5295,5295
1997,ARDUENGO NAREDO JOAQUIN,DEL LIBERTADOR BDO. O'HIGGINS,SENADOR,,1997-12-11,2006,6,1998,HUMANISTA,PH,PARLAMENTARIA,3390,3390
1997,ARROYO HODGES CARLOS,DEL LIBERTADOR BDO. O'HIGGINS,SENADOR,,1997-12-11,2006,6,1998,UNION DE CENTRO CENTRO PROGRES,UCCP,PARLAMENTARIA,2072,2072
1997,SABAG CASTILLO HOSAIN,DEL BIOBIO,SENADOR,SI,1997-12-11,2006,8,1998,DEMOCRATA CRISTIANO,PDC,PARLAMENTARIA,133761,133761
1997,VIERA-GALLO QUESNEY JOSE ANTONIO,DEL BIOBIO,SENADOR,SI,1997-12-11,2006,8,1998,SOCIALISTA DE CHILE,PS,PARLAMENTARIA,129278,129278
1997,RUIZ-ESQUIDE JARA MARIANO,DEL BIOBIO,SENADOR,SI,1997-12-11,2006,8,1998,DEMOCRATA CRISTIANO,PDC,PARLAMENTARIA,109368,109368
1997,RIOS SANTANDER MARIO,DEL BIOBIO,SENADOR,SI,1997-12-11,2006,8,1998,RENOVACION NACIONAL,RN,PARLAMENTARIA,96935,96935
1997,VOTOS NULOS,DEL BIOBIO,SENADOR,,1997-12-11,2006,8,1998,  ,  ,PARLAMENTARIA,128640,640672
1997,CANTUARIAS LARRONDO EUGENIO,DEL BIOBIO,SENADOR,,1997-12-11,2006,8,1998,UNION DEMOCRATA INDEPENDIENTE,UDI,PARLAMENTARIA,97984,97984
1997,JARA WOLFF OCTAVIO,DEL BIOBIO,SENADOR,,1997-12-11,2006,8,1998,POR LA DEMOCRACIA,PPD,PARLAMENTARIA,79240,79240
1997,VOTOS EN BLANCO,DEL BIOBIO,SENADOR,,1997-12-11,2006,8,1998,  ,  ,PARLAMENTARIA,44509,222868
1997,CAMPOS TORO JULIO,DEL BIOBIO,SENADOR,,1997-12-11,2006,8,1998,COMUNISTA DE CHILE,PCCH,PARLAMENTARIA,27386,27386
1997,FERRADA VALENZUELA LUIS VALENTIN,DEL BIOBIO,SENADOR,,1997-12-11,2006,8,1998,RENOVACION NACIONAL,RN,PARLAMENTARIA,20828,20828
1997,NOVOA ARRIAGADA ENA DEL ROSARIO,DEL BIOBIO,SENADOR,,1997-12-11,2006,8,1998,COMUNISTA DE CHILE,PCCH,PARLAMENTARIA,20158,20158
1997,ALFSEN OVANDO WILFREDO,DEL BIOBIO,SENADOR,,1997-12-11,2006,8,1998,HUMANISTA,PH,PARLAMENTARIA,7288,7288
1997,VARELA CARTER SERGIO,DEL BIOBIO,SENADOR,,1997-12-11,2006,8,1998,UNION DE CENTRO CENTRO PROGRES,UCCP,PARLAMENTARIA,7024,7024
1997,MARTINEZ HERNANDEZ CARLOS EDUARDO,DEL BIOBIO,SENADOR,,1997-12-11,2006,8,1998,UNION DE CENTRO CENTRO PROGRES,UCCP,PARLAMENTARIA,4194,4194
1997,VALDES SUBERCASEAUX GABRIEL,DE LOS LAGOS,SENADOR,SI,1997-12-11,2006,10,1998,DEMOCRATA CRISTIANO,PDC,PARLAMENTARIA,93375,93375
1997,PAEZ VERDUGO SERGIO,DE LOS LAGOS,SENADOR,SI,1997-12-11,2006,10,1998,DEMOCRATA CRISTIANO,PDC,PARLAMENTARIA,56189,56189
1997,STANGE OELCKERS RODOLFO,DE LOS LAGOS,SENADOR,SI,1997-12-11,2006,10,1998,INDEPENDIENTE,INDEP,PARLAMENTARIA,53584,53584
1997,CARIOLA BARROILHET MARCO,DE LOS LAGOS,SENADOR,SI,1997-12-11,2006,10,1998,INDEPENDIENTE,INDEP,PARLAMENTARIA,52247,52247
1997,VOTOS NULOS,DE LOS LAGOS,SENADOR,,1997-12-11,2006,10,1998,  ,  ,PARLAMENTARIA,48532,640672
1997,CORREA DIAZ GERMAN,DE LOS LAGOS,SENADOR,,1997-12-11,2006,10,1998,SOCIALISTA DE CHILE,PS,PARLAMENTARIA,39962,39962
1997,TALADRIZ GARCIA JUAN ENRIQUE,DE LOS LAGOS,SENADOR,,1997-12-11,2006,10,1998,RENOVACION NACIONAL,RN,PARLAMENTARIA,38789,38789
1997,JURGENSEN CAESAR HARRY,DE LOS LAGOS,SENADOR,,1997-12-11,2006,10,1998,RENOVACION NACIONAL,RN,PARLAMENTARIA,37985,37985
1997,VOTOS EN BLANCO,DE LOS LAGOS,SENADOR,,1997-12-11,2006,10,1998,  ,  ,PARLAMENTARIA,26106,222868
1997,MOLINA VALDIVIESO JORGE,DE LOS LAGOS,SENADOR,,1997-12-11,2006,10,1998,POR LA DEMOCRACIA,PPD,PARLAMENTARIA,18626,18626
1997,TEILLIER DEL VALLE GUILLERMO,DE LOS LAGOS,SENADOR,,1997-12-11,2006,10,1998,COMUNISTA DE CHILE,PCCH,PARLAMENTARIA,8949,8949
1997,AZOCAR GARCIA OSCAR,DE LOS LAGOS,SENADOR,,1997-12-11,2006,10,1998,COMUNISTA DE CHILE,PCCH,PARLAMENTARIA,6508,6508
1997,ERGAS BENMAYOR DARIO,DE LOS LAGOS,SENADOR,,1997-12-11,2006,10,1998,HUMANISTA,PH,PARLAMENTARIA,4240,4240
1997,BRAVO VALENZUELA MERCEDES,DE LOS LAGOS,SENADOR,,1997-12-11,2006,10,1998,HUMANISTA,PH,PARLAMENTARIA,3424,3424
1997,RUIZ DE GIORGIO JOSE,DE MAGALLANES Y ANTARTICA CH.,SENADOR,SI,1997-12-11,2006,12,1998,DEMOCRATA CRISTIANO,PDC,PARLAMENTARIA,18003,18003
1997,FERNANDEZ FERNANDEZ SERGIO,DE MAGALLANES Y ANTARTICA CH.,SENADOR,SI,1997-12-11,2006,12,1998,INDEPENDIENTE,INDEP,PARLAMENTARIA,14187,14187
1997,CALDERON ARANGUIZ ROLANDO,DE MAGALLANES Y ANTARTICA CH.,SENADOR,,1997-12-11,2006,12,1998,SOCIALISTA DE CHILE,PS,PARLAMENTARIA,16165,16165
1997,VOTOS NULOS,DE MAGALLANES Y ANTARTICA CH.,SENADOR,,1997-12-11,2006,12,1998,  ,  ,PARLAMENTARIA,13387,640672
1997,KARELOVIC VRANDECIC VICENTE,DE MAGALLANES Y ANTARTICA CH.,SENADOR,,1997-12-11,2006,12,1998,INDEPENDIENTE,INDEP,PARLAMENTARIA,7132,7132
1997,VOTOS EN BLANCO,DE MAGALLANES Y ANTARTICA CH.,SENADOR,,1997-12-11,2006,12,1998,  ,  ,PARLAMENTARIA,3080,222868
1997,PAVLOV MIRANDA DOMINGO ANTONIO,DE MAGALLANES Y ANTARTICA CH.,SENADOR,,1997-12-11,2006,12,1998,COMUNISTA DE CHILE,PCCH,PARLAMENTARIA,2007,2007
1997,PIZARRO ROJAS XIMENA,DE MAGALLANES Y ANTARTICA CH.,SENADOR,,1997-12-11,2006,12,1998,HUMANISTA,PH,PARLAMENTARIA,1198,1198
1997,BOMBAL OTAEGUI CARLOS,METROPOLITANA DE SANTIAGO,SENADOR,SI,1997-12-11,2006,13,1998,UNION DEMOCRATA INDEPENDIENTE,UDI,PARLAMENTARIA,318703,318703
1997,ZALDIVAR LARRAIN ANDRES,METROPOLITANA DE SANTIAGO,SENADOR,SI,1997-12-11,2006,13,1998,DEMOCRATA CRISTIANO,PDC,PARLAMENTARIA,309370,309370
1997,FOXLEY RIOSECO ALEJANDRO,METROPOLITANA DE SANTIAGO,SENADOR,SI,1997-12-11,2006,13,1998,DEMOCRATA CRISTIANO,PDC,PARLAMENTARIA,294595,294595
1997,NOVOA VASQUEZ JOVINO,METROPOLITANA DE SANTIAGO,SENADOR,SI,1997-12-11,2006,13,1998,UNION DEMOCRATA INDEPENDIENTE,UDI,PARLAMENTARIA,229008,229008
1997,VOTOS NULOS,METROPOLITANA DE SANTIAGO,SENADOR,,1997-12-11,2006,13,1998,  ,  ,PARLAMENTARIA,346577,640672
1997,ESTEVEZ VALENCIA JAIME,METROPOLITANA DE SANTIAGO,SENADOR,,1997-12-11,2006,13,1998,SOCIALISTA DE CHILE,PS,PARLAMENTARIA,254577,254577
1997,ALLAMAND ZAVALA ANDRES,METROPOLITANA DE SANTIAGO,SENADOR,,1997-12-11,2006,13,1998,RENOVACION NACIONAL,RN,PARLAMENTARIA,207960,207960
1997,ESCALONA MEDINA CAMILO,METROPOLITANA DE SANTIAGO,SENADOR,,1997-12-11,2006,13,1998,SOCIALISTA DE CHILE,PS,PARLAMENTARIA,177965,177965
1997,MARIN MILLIE GLADYS,METROPOLITANA DE SANTIAGO,SENADOR,,1997-12-11,2006,13,1998,COMUNISTA DE CHILE,PCCH,PARLAMENTARIA,174780,174780
1997,FANTUZZI HERNANDEZ ANGEL,METROPOLITANA DE SANTIAGO,SENADOR,,1997-12-11,2006,13,1998,RENOVACION NACIONAL,RN,PARLAMENTARIA,153278,153278
1997,VOTOS EN BLANCO,METROPOLITANA DE SANTIAGO,SENADOR,,1997-12-11,2006,13,1998,  ,  ,PARLAMENTARIA,110332,222868
1997,BALTRA MORENO MIREYA,METROPOLITANA DE SANTIAGO,SENADOR,,1997-12-11,2006,13,1998,COMUNISTA DE CHILE,PCCH,PARLAMENTARIA,87568,87568
1997,VALLEJO KNOCKAERT JOSE MIGUEL,METROPOLITANA DE SANTIAGO,SENADOR,,1997-12-11,2006,13,1998,INDEPENDIENTE,INDEP,PARLAMENTARIA,38038,38038
1997,FERES NAZARALA JOSE GABRIEL,METROPOLITANA DE SANTIAGO,SENADOR,,1997-12-11,2006,13,1998,HUMANISTA,PH,PARLAMENTARIA,17473,17473
1997,CONDEMARIN BUSTOS PATRICIA,METROPOLITANA DE SANTIAGO,SENADOR,,1997-12-11,2006,13,1998,HUMANISTA,PH,PARLAMENTARIA,16575,16575
1997,FIGUEROA EDWARDS PIA,METROPOLITANA DE SANTIAGO,SENADOR,,1997-12-11,2006,13,1998,HUMANISTA,PH,PARLAMENTARIA,14003,14003
1997,REITZE CAMPOS CRISTIAN,METROPOLITANA DE SANTIAGO,SENADOR,,1997-12-11,2006,13,1998,HUMANISTA,PH,PARLAMENTARIA,12791,12791
1997,ALCAYAGA OLIVARES JULIAN,METROPOLITANA DE SANTIAGO,SENADOR,,1997-12-11,2006,13,1998,INDEPENDIENTE,INDEP,PARLAMENTARIA,8406,8406
1997,SANTANDER SEPULVEDA SERGIO,METROPOLITANA DE SANTIAGO,SENADOR,,1997-12-11,2006,13,1998,UNION DE CENTRO CENTRO PROGRES,UCCP,PARLAMENTARIA,4733,4733
2001,FLORES LABRA FERNANDO,DE TARAPACA,SENADOR,SI,2001-12-16,2010,1,2002,POR LA DEMOCRACIA,PPD,PARLAMENTARIA,47159,47159
2001,ORPIS BOUCHON JAIME,DE TARAPACA,SENADOR,SI,2001-12-16,2010,1,2002,UNION DEMOCRATA INDEPENDIENTE,UDI,PARLAMENTARIA,38093,38093
2001,LAGOS COSGROVE JULIO,DE TARAPACA,SENADOR,,2001-12-16,2010,1,2002,RENOVACION NACIONAL,RN,PARLAMENTARIA,24844,24844
2001,MACCHIAVELLO ZEREGA MARIA INES,DE TARAPACA,SENADOR,,2001-12-16,2010,1,2002,INDEPENDIENTE,INDEP,PARLAMENTARIA,24569,24569
2001,VOTOS NULOS,DE TARAPACA,SENADOR,,2001-12-16,2010,1,2002,,,PARLAMENTARIA,14499,170414
2001,KRAUSS RUSQUE ENRIQUE,DE TARAPACA,SENADOR,,2001-12-16,2010,1,2002,DEMOCRATA CRISTIANO,PDC,PARLAMENTARIA,13754,13754
2001,VOTOS EN BLANCO,DE TARAPACA,SENADOR,,2001-12-16,2010,1,2002,,,PARLAMENTARIA,5892,72188
2001,ECHEVERRIA ALLENDE RIGOBERTO,DE TARAPACA,SENADOR,,2001-12-16,2010,1,2002,COMUNISTA DE CHILE,PCCH,PARLAMENTARIA,4808,4808
2001,OJEDA MURILLO CLAUDIO,DE TARAPACA,SENADOR,,2001-12-16,2010,1,2002,HUMANISTA,PH,PARLAMENTARIA,1323,1323
2001,NUÑEZ MUÑOZ RICARDO,DE ATACAMA,SENADOR,SI,2001-12-16,2010,3,2002,SOCIALISTA DE CHILE,PS,PARLAMENTARIA,42263,42263
2001,PROKURICA PROKURICA BALDO,DE ATACAMA,SENADOR,SI,2001-12-16,2010,3,2002,RENOVACION NACIONAL,RN,PARLAMENTARIA,38212,38212
2001,VILLEGAS GONZALEZ ERICK,DE ATACAMA,SENADOR,,2001-12-16,2010,3,2002,DEMOCRATA CRISTIANO,PDC,PARLAMENTARIA,17750,17750
2001,VOTOS NULOS,DE ATACAMA,SENADOR,,2001-12-16,2010,3,2002,,,PARLAMENTARIA,8127,170414
2001,VOTOS EN BLANCO,DE ATACAMA,SENADOR,,2001-12-16,2010,3,2002,,,PARLAMENTARIA,4260,72188
2001,AVILA CONTRERAS NELSON,DE VALPARAISO,SENADOR,SI,2001-12-16,2010,5,2002,POR LA DEMOCRACIA,PPD,PARLAMENTARIA,137125,137125
2001,ARANCIBIA REYES JORGE,DE VALPARAISO,SENADOR,SI,2001-12-16,2010,5,2002,INDEPENDIENTE,INDEP,PARLAMENTARIA,136464,136464
2001,ROMERO PIZARRO SERGIO,DE VALPARAISO,SENADOR,SI,2001-12-16,2010,5,2002,RENOVACION NACIONAL,RN,PARLAMENTARIA,127706,127706
2001,OMINAMI PASCUAL CARLOS,DE VALPARAISO,SENADOR,SI,2001-12-16,2010,5,2002,SOCIALISTA DE CHILE,PS,PARLAMENTARIA,92419,92419
2001,VOTOS NULOS,DE VALPARAISO,SENADOR,,2001-12-16,2010,5,2002,,,PARLAMENTARIA,83940,170414
2001,WALKER PRIETO IGNACIO,DE VALPARAISO,SENADOR,,2001-12-16,2010,5,2002,DEMOCRATA CRISTIANO,PDC,PARLAMENTARIA,80042,80042
2001,CORNEJO GONZALEZ ALDO,DE VALPARAISO,SENADOR,,2001-12-16,2010,5,2002,DEMOCRATA CRISTIANO,PDC,PARLAMENTARIA,67957,67957
2001,VOTOS EN BLANCO,DE VALPARAISO,SENADOR,,2001-12-16,2010,5,2002,,,PARLAMENTARIA,29702,72188
2001,GAJARDO LOPEZ JUAN,DE VALPARAISO,SENADOR,,2001-12-16,2010,5,2002,COMUNISTA DE CHILE,PCCH,PARLAMENTARIA,11909,11909
2001,NAUDON DEL RIO ALBERTO,DE VALPARAISO,SENADOR,,2001-12-16,2010,5,2002,RENOVACION NACIONAL,RN,PARLAMENTARIA,9461,9461
2001,CANTERO PRADO MANUEL,DE VALPARAISO,SENADOR,,2001-12-16,2010,5,2002,COMUNISTA DE CHILE,PCCH,PARLAMENTARIA,6242,6242
2001,ALFSEN OVANDO WILFREDO,DE VALPARAISO,SENADOR,,2001-12-16,2010,5,2002,HUMANISTA,PH,PARLAMENTARIA,5142,5142
2001,LJUBETIC VARGAS IVAN,DE VALPARAISO,SENADOR,,2001-12-16,2010,5,2002,COMUNISTA DE CHILE,PCCH,PARLAMENTARIA,2921,2921
2001,COLOMA CORREA JUAN ANTONIO,DEL MAULE,SENADOR,SI,2001-12-16,2010,7,2002,UNION DEMOCRATA INDEPENDIENTE,UDI,PARLAMENTARIA,104179,104179
2001,GAZMURI MUJICA JAIME,DEL MAULE,SENADOR,SI,2001-12-16,2010,7,2002,SOCIALISTA DE CHILE,PS,PARLAMENTARIA,77828,77828
2001,LARRAIN FERNANDEZ HERNAN,DEL MAULE,SENADOR,SI,2001-12-16,2010,7,2002,UNION DEMOCRATA INDEPENDIENTE,UDI,PARLAMENTARIA,66767,66767
2001,NARANJO ORTIZ JAIME,DEL MAULE,SENADOR,SI,2001-12-16,2010,7,2002,SOCIALISTA DE CHILE,PS,PARLAMENTARIA,42395,42395
2001,LEON RAMIREZ ROBERTO,DEL MAULE,SENADOR,,2001-12-16,2010,7,2002,DEMOCRATA CRISTIANO,PDC,PARLAMENTARIA,61754,61754
2001,MATTA ARAGAY MANUEL,DEL MAULE,SENADOR,,2001-12-16,2010,7,2002,DEMOCRATA CRISTIANO,PDC,PARLAMENTARIA,34502,34502
2001,VOTOS NULOS,DEL MAULE,SENADOR,,2001-12-16,2010,7,2002,,,PARLAMENTARIA,32889,170414
2001,VOTOS EN BLANCO,DEL MAULE,SENADOR,,2001-12-16,2010,7,2002,,,PARLAMENTARIA,15940,72188
2001,LARTIGA MUÑOZ MARIA CRISTINA,DEL MAULE,SENADOR,,2001-12-16,2010,7,2002,COMUNISTA DE CHILE,PCCH,PARLAMENTARIA,7211,7211
2001,CONTRERAS RIQUELME ALEJANDRO,DEL MAULE,SENADOR,,2001-12-16,2010,7,2002,INDEPENDIENTE,INDEP,PARLAMENTARIA,4135,4135
2001,MOYA MARTIN HECTOR,DEL MAULE,SENADOR,,2001-12-16,2010,7,2002,INDEPENDIENTE,INDEP,PARLAMENTARIA,3944,3944
2001,VERDUGO BRAVO CARLOS ALFREDO,DEL MAULE,SENADOR,,2001-12-16,2010,7,2002,COMUNISTA DE CHILE,PCCH,PARLAMENTARIA,1988,1988
2001,OSSES QUIROZ MARIO,DEL MAULE,SENADOR,,2001-12-16,2010,7,2002,LIBERAL,PL,PARLAMENTARIA,1407,1407
2001,LAVANDERO ILLANES JORGE,DE LA ARAUCANIA,SENADOR,SI,2001-12-16,2010,9,2002,DEMOCRATA CRISTIANO,PDC,PARLAMENTARIA,81022,81022
2001,GARCIA RUMINOT JOSE,DE LA ARAUCANIA,SENADOR,SI,2001-12-16,2010,9,2002,RENOVACION NACIONAL,RN,PARLAMENTARIA,79009,79009
2001,ESPINA OTERO ALBERTO,DE LA ARAUCANIA,SENADOR,SI,2001-12-16,2010,9,2002,RENOVACION NACIONAL,RN,PARLAMENTARIA,62813,62813
2001,MUÑOZ BARRA ROBERTO,DE LA ARAUCANIA,SENADOR,SI,2001-12-16,2010,9,2002,POR LA DEMOCRACIA,PPD,PARLAMENTARIA,35051,35051
2001,DIAZ HERRERA EDUARDO,DE LA ARAUCANIA,SENADOR,,2001-12-16,2010,9,2002,UNION DEMOCRATA INDEPENDIENTE,UDI,PARLAMENTARIA,53996,53996
2001,VOTOS NULOS,DE LA ARAUCANIA,SENADOR,,2001-12-16,2010,9,2002,,,PARLAMENTARIA,28894,170414
2001,HERNANDEZ SAFFIRIO MIGUEL,DE LA ARAUCANIA,SENADOR,,2001-12-16,2010,9,2002,DEMOCRATA CRISTIANO,PDC,PARLAMENTARIA,27645,27645
2001,VOTOS EN BLANCO,DE LA ARAUCANIA,SENADOR,,2001-12-16,2010,9,2002,,,PARLAMENTARIA,15085,72188
2001,VASQUEZ UBEDA GUILLERMO,DE LA ARAUCANIA,SENADOR,,2001-12-16,2010,9,2002,RADICAL SOCIALDEMOCRATA,PRSD,PARLAMENTARIA,9557,9557
2001,INOSTROZA SEGURA ANTONIO,DE LA ARAUCANIA,SENADOR,,2001-12-16,2010,9,2002,COMUNISTA DE CHILE,PCCH,PARLAMENTARIA,5553,5553
2001,ARANEDA BRIONES ERNESTO,DE LA ARAUCANIA,SENADOR,,2001-12-16,2010,9,2002,COMUNISTA DE CHILE,PCCH,PARLAMENTARIA,4004,4004
2001,HORVATH KISS ANTONIO,AISEN DEL GRAL. CARLOS IBAÑEZ,SENADOR,SI,2001-12-16,2010,11,2002,INDEPENDIENTE,INDEP,PARLAMENTARIA,13096,13096
2001,ZALDIVAR LARRAIN ADOLFO,AISEN DEL GRAL. CARLOS IBAÑEZ,SENADOR,SI,2001-12-16,2010,11,2002,DEMOCRATA CRISTIANO,PDC,PARLAMENTARIA,11302,11302
2001,SULE CANDIA ANSELMO,AISEN DEL GRAL. CARLOS IBAÑEZ,SENADOR,,2001-12-16,2010,11,2002,RADICAL SOCIALDEMOCRATA,PRSD,PARLAMENTARIA,9468,9468
2001,BAESLER HEGER ORLANDO,AISEN DEL GRAL. CARLOS IBAÑEZ,SENADOR,,2001-12-16,2010,11,2002,INDEPENDIENTE,INDEP,PARLAMENTARIA,2527,2527
2001,VOTOS NULOS,AISEN DEL GRAL. CARLOS IBAÑEZ,SENADOR,,2001-12-16,2010,11,2002,,,PARLAMENTARIA,2065,170414
2001,VOTOS EN BLANCO,AISEN DEL GRAL. CARLOS IBAÑEZ,SENADOR,,2001-12-16,2010,11,2002,,,PARLAMENTARIA,1309,72188
2001,COLOMA HERRERA HECTOR ARMANDO,AISEN DEL GRAL. CARLOS IBAÑEZ,SENADOR,,2001-12-16,2010,11,2002,COMUNISTA DE CHILE,PCCH,PARLAMENTARIA,1099,1099
2005,GOMEZ URRUTIA JOSE ANTONIO,DE ANTOFAGASTA,SENADOR,SI,2005-12-11,2014,2,2006,RADICAL SOCIALDEMOCRATA,PRSD,PARLAMENTARIA,74572,74572
2005,CANTERO OJEDA CARLOS,DE ANTOFAGASTA,SENADOR,SI,2005-12-11,2014,2,2006,RENOVACION NACIONAL,RN,PARLAMENTARIA,36045,36045
2005,LEAY MORAN CRISTIAN,DE ANTOFAGASTA,SENADOR,,2005-12-11,2014,2,2006,UNION DEMOCRATA INDEPENDIENTE,UDI,PARLAMENTARIA,34183,34183
2005,FREI RUIZ-TAGLE CARMEN,DE ANTOFAGASTA,SENADOR,,2005-12-11,2014,2,2006,DEMOCRATA CRISTIANO,PDC,PARLAMENTARIA,26287,26287
2005,VOTOS NULOS,DE ANTOFAGASTA,SENADOR,,2005-12-11,2014,2,2006,  ,  ,PARLAMENTARIA,11549,257816
2005,BARRIENTOS MUÑOZ SALVADOR,DE ANTOFAGASTA,SENADOR,,2005-12-11,2014,2,2006,COMUNISTA DE CHILE,PCCH,PARLAMENTARIA,5220,5220
2005,VOTOS EN BLANCO,DE ANTOFAGASTA,SENADOR,,2005-12-11,2014,2,2006,  ,  ,PARLAMENTARIA,5124,153427
2005,THOMPSON ARAYA LUIS ERNESTO,DE ANTOFAGASTA,SENADOR,,2005-12-11,2014,2,2006,INDEPENDIENTE,INDEP,PARLAMENTARIA,4836,4836
2005,ZULETA ALVARADO HUMBERTO,DE ANTOFAGASTA,SENADOR,,2005-12-11,2014,2,2006,INDEPENDIENTE,INDEP,PARLAMENTARIA,2612,2612
2005,FERES NAZARALA JOSE GABRIEL,DE ANTOFAGASTA,SENADOR,,2005-12-11,2014,2,2006,HUMANISTA,PH,PARLAMENTARIA,1973,1973
2005,PIZARRO SOTO JORGE,DE COQUIMBO,SENADOR,SI,2005-12-11,2014,4,2006,DEMOCRATA CRISTIANO,PDC,PARLAMENTARIA,101671,101671
2005,MATTHEI FORNET EVELYN,DE COQUIMBO,SENADOR,SI,2005-12-11,2014,4,2006,UNION DEMOCRATA INDEPENDIENTE,UDI,PARLAMENTARIA,71697,71697
2005,ARRATE MAC-NIVEN JORGE,DE COQUIMBO,SENADOR,,2005-12-11,2014,4,2006,SOCIALISTA DE CHILE,PS,PARLAMENTARIA,48931,48931
2005,VOTOS NULOS,DE COQUIMBO,SENADOR,,2005-12-11,2014,4,2006,  ,  ,PARLAMENTARIA,13550,257816
2005,LONGTON GUERRERO ARTURO,DE COQUIMBO,SENADOR,,2005-12-11,2014,4,2006,RENOVACION NACIONAL,RN,PARLAMENTARIA,12571,12571
2005,AGUILERA GONZALEZ LUIS,DE COQUIMBO,SENADOR,,2005-12-11,2014,4,2006,COMUNISTA DE CHILE,PCCH,PARLAMENTARIA,10607,10607
2005,VOTOS EN BLANCO,DE COQUIMBO,SENADOR,,2005-12-11,2014,4,2006,  ,  ,PARLAMENTARIA,9770,153427
2005,ARDUENGO NAREDO JOAQUIN,DE COQUIMBO,SENADOR,,2005-12-11,2014,4,2006,HUMANISTA,PH,PARLAMENTARIA,6384,6384
2005,LETELIER MOREL JUAN PABLO,DEL LIBERTADOR BDO. O'HIGGINS,SENADOR,SI,2005-12-11,2014,6,2006,SOCIALISTA DE CHILE,PS,PARLAMENTARIA,154894,154894
2005,CHADWICK PIÑERA ANDRES,DEL LIBERTADOR BDO. O'HIGGINS,SENADOR,SI,2005-12-11,2014,6,2006,UNION DEMOCRATA INDEPENDIENTE,UDI,PARLAMENTARIA,94877,94877
2005,PEREZ LOBOS ANIBAL,DEL LIBERTADOR BDO. O'HIGGINS,SENADOR,,2005-12-11,2014,6,2006,POR LA DEMOCRACIA,PPD,PARLAMENTARIA,72393,72393
2005,ACHURRA LARRAIN RAMON,DEL LIBERTADOR BDO. O'HIGGINS,SENADOR,,2005-12-11,2014,6,2006,INDEPENDIENTE,INDEP,PARLAMENTARIA,34379,34379
2005,VOTOS NULOS,DEL LIBERTADOR BDO. O'HIGGINS,SENADOR,,2005-12-11,2014,6,2006,  ,  ,PARLAMENTARIA,20500,257816
2005,VOTOS EN BLANCO,DEL LIBERTADOR BDO. O'HIGGINS,SENADOR,,2005-12-11,2014,6,2006,  ,  ,PARLAMENTARIA,13717,153427
2005,CABRERA OLMOS MARILEN,DEL LIBERTADOR BDO. O'HIGGINS,SENADOR,,2005-12-11,2014,6,2006,HUMANISTA,PH,PARLAMENTARIA,9852,9852
2005,MONCADA COFRE CARMEN,DEL LIBERTADOR BDO. O'HIGGINS,SENADOR,,2005-12-11,2014,6,2006,INDEPENDIENTE,INDEP,PARLAMENTARIA,6871,6871
2005,NAVARRO BRAIN ALEJANDRO,DEL BIOBIO,SENADOR,SI,2005-12-11,2014,8,2006,SOCIALISTA DE CHILE,PS,PARLAMENTARIA,209410,209410
2005,RUIZ-ESQUIDE JARA MARIANO,DEL BIOBIO,SENADOR,SI,2005-12-11,2014,8,2006,DEMOCRATA CRISTIANO,PDC,PARLAMENTARIA,139657,139657
2005,SABAG CASTILLO HOSAIN,DEL BIOBIO,SENADOR,SI,2005-12-11,2014,8,2006,DEMOCRATA CRISTIANO,PDC,PARLAMENTARIA,127803,127803
2005,PEREZ VARELA VICTOR,DEL BIOBIO,SENADOR,SI,2005-12-11,2014,8,2006,UNION DEMOCRATA INDEPENDIENTE,UDI,PARLAMENTARIA,83170,83170
2005,BOMBAL OTAEGUI CARLOS,DEL BIOBIO,SENADOR,,2005-12-11,2014,8,2006,UNION DEMOCRATA INDEPENDIENTE,UDI,PARLAMENTARIA,116341,116341
2005,RIOS SANTANDER MARIO,DEL BIOBIO,SENADOR,,2005-12-11,2014,8,2006,RENOVACION NACIONAL,RN,PARLAMENTARIA,67822,67822
2005,VOTOS NULOS,DEL BIOBIO,SENADOR,,2005-12-11,2014,8,2006,  ,  ,PARLAMENTARIA,49250,257816
2005,TORRES GONZALEZ ELEODORO,DEL BIOBIO,SENADOR,,2005-12-11,2014,8,2006,INDEPENDIENTE,INDEP,PARLAMENTARIA,38053,38053
2005,VOTOS EN BLANCO,DEL BIOBIO,SENADOR,,2005-12-11,2014,8,2006,  ,  ,PARLAMENTARIA,31851,153427
2005,GYHRA SOTO ALBERTO,DEL BIOBIO,SENADOR,,2005-12-11,2014,8,2006,INDEPENDIENTE,INDEP,PARLAMENTARIA,22493,22493
2005,MORALES PEÑA MARTA,DEL BIOBIO,SENADOR,,2005-12-11,2014,8,2006,COMUNISTA DE CHILE,PCCH,PARLAMENTARIA,16521,16521
2005,CORVALAN BASTERRECHEA HUGO,DEL BIOBIO,SENADOR,,2005-12-11,2014,8,2006,INDEPENDIENTE,INDEP,PARLAMENTARIA,12318,12318
2005,ALFSEN OVANDO WILFREDO,DEL BIOBIO,SENADOR,,2005-12-11,2014,8,2006,HUMANISTA,PH,PARLAMENTARIA,10547,10547
2005,MUJICA ASCUI GLORIA,DEL BIOBIO,SENADOR,,2005-12-11,2014,8,2006,HUMANISTA,PH,PARLAMENTARIA,10030,10030
2005,ALLAMAND ZAVALA ANDRES,DE LOS LAGOS,SENADOR,SI,2005-12-11,2014,10,2006,RENOVACION NACIONAL,RN,PARLAMENTARIA,90030,90030
2005,FREI RUIZ-TAGLE EDUARDO,DE LOS LAGOS,SENADOR,SI,2005-12-11,2014,10,2006,DEMOCRATA CRISTIANO,PDC,PARLAMENTARIA,85145,85145
2005,ESCALONA MEDINA CAMILO,DE LOS LAGOS,SENADOR,SI,2005-12-11,2014,10,2006,SOCIALISTA DE CHILE,PS,PARLAMENTARIA,65337,65337
2005,KUSCHEL SILVA CARLOS IGNACIO,DE LOS LAGOS,SENADOR,SI,2005-12-11,2014,10,2006,RENOVACION NACIONAL,RN,PARLAMENTARIA,47054,47054
2005,PAEZ VERDUGO SERGIO,DE LOS LAGOS,SENADOR,,2005-12-11,2014,10,2006,DEMOCRATA CRISTIANO,PDC,PARLAMENTARIA,56661,56661
2005,BRAHM BARRIL JOAQUIN,DE LOS LAGOS,SENADOR,,2005-12-11,2014,10,2006,UNION DEMOCRATA INDEPENDIENTE,UDI,PARLAMENTARIA,40774,40774
2005,SALDIAS YAÑEZ MARCOS ANTONIO,DE LOS LAGOS,SENADOR,,2005-12-11,2014,10,2006,RADICAL SOCIALDEMOCRATA,PRSD,PARLAMENTARIA,39943,39943
2005,VOTOS EN BLANCO,DE LOS LAGOS,SENADOR,,2005-12-11,2014,10,2006,  ,  ,PARLAMENTARIA,24201,153427
2005,VOTOS NULOS,DE LOS LAGOS,SENADOR,,2005-12-11,2014,10,2006,  ,  ,PARLAMENTARIA,23492,257816
2005,SILVA VERGARA RAUL,DE LOS LAGOS,SENADOR,,2005-12-11,2014,10,2006,ALIANZA NACIONAL DE LOS INDEPE,ANI,PARLAMENTARIA,7108,7108
2005,TRIPAILAF MANQUELAFQUEN JUAN GUILLERMO,DE LOS LAGOS,SENADOR,,2005-12-11,2014,10,2006,COMUNISTA DE CHILE,PCCH,PARLAMENTARIA,6369,6369
2005,BOERO RODRIGUEZ CARLOS JUAN,DE LOS LAGOS,SENADOR,,2005-12-11,2014,10,2006,ALIANZA NACIONAL DE LOS INDEPE,ANI,PARLAMENTARIA,5968,5968
2005,ALVARADO BARRIA MARIA IRMA,DE LOS LAGOS,SENADOR,,2005-12-11,2014,10,2006,COMUNISTA DE CHILE,PCCH,PARLAMENTARIA,5381,5381
2005,CACERES TORRES JOSE LUIS,DE LOS LAGOS,SENADOR,,2005-12-11,2014,10,2006,INDEPENDIENTE,INDEP,PARLAMENTARIA,5187,5187
2005,OSSES QUIROZ MARIO,DE LOS LAGOS,SENADOR,,2005-12-11,2014,10,2006,INDEPENDIENTE,INDEP,PARLAMENTARIA,4633,4633
2005,GERTER JARA HUGO,DE LOS LAGOS,SENADOR,,2005-12-11,2014,10,2006,INDEPENDIENTE,INDEP,PARLAMENTARIA,2845,2845
2005,BIZE BRINTRUP TOMAS,DE LOS LAGOS,SENADOR,,2005-12-11,2014,10,2006,INDEPENDIENTE,INDEP,PARLAMENTARIA,2761,2761
2005,MUÑOZ ABURTO PEDRO,DE MAGALLANES Y ANTARTICA CH.,SENADOR,SI,2005-12-11,2014,12,2006,SOCIALISTA DE CHILE,PS,PARLAMENTARIA,21960,21960
2005,BIANCHI CHELECH CARLOS,DE MAGALLANES Y ANTARTICA CH.,SENADOR,SI,2005-12-11,2014,12,2006,INDEPENDIENTE,INDEP,PARLAMENTARIA,18275,18275
2005,LUKSIC SANDOVAL ZARKO,DE MAGALLANES Y ANTARTICA CH.,SENADOR,,2005-12-11,2014,12,2006,DEMOCRATA CRISTIANO,PDC,PARLAMENTARIA,11831,11831
2005,FERNANDEZ FERNANDEZ SERGIO,DE MAGALLANES Y ANTARTICA CH.,SENADOR,,2005-12-11,2014,12,2006,UNION DEMOCRATA INDEPENDIENTE,UDI,PARLAMENTARIA,10910,10910
2005,VOTOS NULOS,DE MAGALLANES Y ANTARTICA CH.,SENADOR,,2005-12-11,2014,12,2006,  ,  ,PARLAMENTARIA,4381,257816
2005,VOTOS EN BLANCO,DE MAGALLANES Y ANTARTICA CH.,SENADOR,,2005-12-11,2014,12,2006,  ,  ,PARLAMENTARIA,1876,153427
2005,CATALAN BRUNET EDUARDO,DE MAGALLANES Y ANTARTICA CH.,SENADOR,,2005-12-11,2014,12,2006,INDEPENDIENTE,INDEP,PARLAMENTARIA,1341,1341
2005,FOPPIANO CAMPOS JOSE,DE MAGALLANES Y ANTARTICA CH.,SENADOR,,2005-12-11,2014,12,2006,INDEPENDIENTE,INDEP,PARLAMENTARIA,812,812
2005,ORTIZ SILVA FERNANDO,DE MAGALLANES Y ANTARTICA CH.,SENADOR,,2005-12-11,2014,12,2006,HUMANISTA,PH,PARLAMENTARIA,803,803
2005,ALVEAR VALENZUELA SOLEDAD,METROPOLITANA DE SANTIAGO,SENADOR,SI,2005-12-11,2014,13,2006,DEMOCRATA CRISTIANO,PDC,PARLAMENTARIA,582117,582117
2005,GIRARDI LAVIN GUIDO,METROPOLITANA DE SANTIAGO,SENADOR,SI,2005-12-11,2014,13,2006,POR LA DEMOCRACIA,PPD,PARLAMENTARIA,439903,439903
2005,LONGUEIRA MONTES PABLO,METROPOLITANA DE SANTIAGO,SENADOR,SI,2005-12-11,2014,13,2006,UNION DEMOCRATA INDEPENDIENTE,UDI,PARLAMENTARIA,318434,318434
2005,NOVOA VASQUEZ JOVINO,METROPOLITANA DE SANTIAGO,SENADOR,SI,2005-12-11,2014,13,2006,UNION DEMOCRATA INDEPENDIENTE,UDI,PARLAMENTARIA,258539,258539
2005,ZALDIVAR LARRAIN ANDRES,METROPOLITANA DE SANTIAGO,SENADOR,,2005-12-11,2014,13,2006,DEMOCRATA CRISTIANO,PDC,PARLAMENTARIA,286917,286917
2005,PEREZ SAN MARTIN LILY,METROPOLITANA DE SANTIAGO,SENADOR,,2005-12-11,2014,13,2006,RENOVACION NACIONAL,RN,PARLAMENTARIA,261663,261663
2005,FANTUZZI HERNANDEZ ROBERTO,METROPOLITANA DE SANTIAGO,SENADOR,,2005-12-11,2014,13,2006,INDEPENDIENTE,INDEP,PARLAMENTARIA,174967,174967
2005,VOTOS NULOS,METROPOLITANA DE SANTIAGO,SENADOR,,2005-12-11,2014,13,2006,  ,  ,PARLAMENTARIA,135094,257816
2005,MARTNER FANTA GONZALO,METROPOLITANA DE SANTIAGO,SENADOR,,2005-12-11,2014,13,2006,SOCIALISTA DE CHILE,PS,PARLAMENTARIA,75513,75513
2005,VOTOS EN BLANCO,METROPOLITANA DE SANTIAGO,SENADOR,,2005-12-11,2014,13,2006,  ,  ,PARLAMENTARIA,66888,153427
2005,RIESCO LARRAIN MANUEL,METROPOLITANA DE SANTIAGO,SENADOR,,2005-12-11,2014,13,2006,COMUNISTA DE CHILE,PCCH,PARLAMENTARIA,60589,60589
2005,ARTES BRICHETTI EDUARDO,METROPOLITANA DE SANTIAGO,SENADOR,,2005-12-11,2014,13,2006,INDEPENDIENTE,INDEP,PARLAMENTARIA,48329,48329
2005,ROVIRA SOTO GONZALO,METROPOLITANA DE SANTIAGO,SENADOR,,2005-12-11,2014,13,2006,INDEPENDIENTE,INDEP,PARLAMENTARIA,37524,37524
2005,OSORIO JARA EFREN,METROPOLITANA DE SANTIAGO,SENADOR,,2005-12-11,2014,13,2006,HUMANISTA,PH,PARLAMENTARIA,30338,30338
2009,ORPIS BOUCHON JAIME,DE TARAPACA,SENADOR,SI,2009-12-13,2018,1,2010,UNION DEMOCRATA INDEPENDIENTE,UDI,PARLAMENTARIA,32657,56390
2009,ROSSI CIOCCA FULVIO,DE TARAPACA,SENADOR,SI,2009-12-13,2018,1,2010,SOCIALISTA DE CHILE,PS,PARLAMENTARIA,29965,45639
2009,URRUTIA CARDENAS SALVADOR,DE TARAPACA,SENADOR,,2009-12-13,2018,1,2010,INDEPENDIENTE,INDEP,PARLAMENTARIA,18861,47087
2009,LAGOS COSGROVE JULIO,DE TARAPACA,SENADOR,,2009-12-13,2018,1,2010,RENOVACION NACIONAL,RN,PARLAMENTARIA,8959,12348
2009,VOTOS NULOS,DE TARAPACA,SENADOR,,2009-12-13,2018,1,2010, , ,PARLAMENTARIA,4922,103619
2009,ESPINOZA CAVIERES DANIEL,DE TARAPACA,SENADOR,,2009-12-13,2018,1,2010,DEMOCRATA CRISTIANO,PDC,PARLAMENTARIA,2651,6919
2009,VOTOS EN BLANCO,DE TARAPACA,SENADOR,,2009-12-13,2018,1,2010, , ,PARLAMENTARIA,2640,54379
2009,PROKURICA PROKURICA BALDO,DE ATACAMA,SENADOR,SI,2009-12-13,2018,3,2010,RENOVACION NACIONAL,RN,PARLAMENTARIA,34793,34793
2009,ALLENDE BUSSI ISABEL,DE ATACAMA,SENADOR,SI,2009-12-13,2018,3,2010,SOCIALISTA DE CHILE,PS,PARLAMENTARIA,28240,28240
2009,LEAL LABRIN ANTONIO,DE ATACAMA,SENADOR,,2009-12-13,2018,3,2010,POR LA DEMOCRACIA,PPD,PARLAMENTARIA,19693,19693
2009,MULET MARTINEZ JAIME,DE ATACAMA,SENADOR,,2009-12-13,2018,3,2010,REGIONALISTA DE LOS INDEPENDIE,PRI,PARLAMENTARIA,18580,18580
2009,VOTOS NULOS,DE ATACAMA,SENADOR,,2009-12-13,2018,3,2010, , ,PARLAMENTARIA,6164,103619
2009,VOTOS EN BLANCO,DE ATACAMA,SENADOR,,2009-12-13,2018,3,2010, , ,PARLAMENTARIA,3108,54379
2009,PEÑA MORALEDA ROBINSON,DE ATACAMA,SENADOR,,2009-12-13,2018,3,2010,REGIONALISTA DE LOS INDEPENDIE,PRI,PARLAMENTARIA,2126,2126
2009,LETELIER AGUILAR CRISTIAN,DE ATACAMA,SENADOR,,2009-12-13,2018,3,2010,UNION DEMOCRATA INDEPENDIENTE,UDI,PARLAMENTARIA,1909,1909
2009,LAGOS WEBER RICARDO,DE VALPARAISO,SENADOR,SI,2009-12-13,2018,5,2010,POR LA DEMOCRACIA,PPD,PARLAMENTARIA,128287,128287
2009,CHAHUAN CHAHUAN FRANCISCO,DE VALPARAISO,SENADOR,SI,2009-12-13,2018,5,2010,RENOVACION NACIONAL,RN,PARLAMENTARIA,109603,109603
2009,PEREZ SAN MARTIN LILY,DE VALPARAISO,SENADOR,SI,2009-12-13,2018,5,2010,RENOVACION NACIONAL,RN,PARLAMENTARIA,84556,84556
2009,WALKER PRIETO IGNACIO,DE VALPARAISO,SENADOR,SI,2009-12-13,2018,5,2010,DEMOCRATA CRISTIANO,PDC,PARLAMENTARIA,77432,77432
2009,LAVIN INFANTE JOAQUIN,DE VALPARAISO,SENADOR,,2009-12-13,2018,5,2010,UNION DEMOCRATA INDEPENDIENTE,UDI,PARLAMENTARIA,107362,107362
2009,FORNI LOBOS MARCELO,DE VALPARAISO,SENADOR,,2009-12-13,2018,5,2010,UNION DEMOCRATA INDEPENDIENTE,UDI,PARLAMENTARIA,72112,72112
2009,AVILA CONTRERAS NELSON,DE VALPARAISO,SENADOR,,2009-12-13,2018,5,2010,RADICAL SOCIALDEMOCRATA,PRSD,PARLAMENTARIA,64529,64529
2009,OMINAMI PASCUAL CARLOS,DE VALPARAISO,SENADOR,,2009-12-13,2018,5,2010,INDEPENDIENTE,INDEP,PARLAMENTARIA,61567,61567
2009,VOTOS NULOS,DE VALPARAISO,SENADOR,,2009-12-13,2018,5,2010, , ,PARLAMENTARIA,44646,103619
2009,PINTO MIRANDA HERNAN,DE VALPARAISO,SENADOR,,2009-12-13,2018,5,2010,DEMOCRATA CRISTIANO,PDC,PARLAMENTARIA,23223,23223
2009,VOTOS EN BLANCO,DE VALPARAISO,SENADOR,,2009-12-13,2018,5,2010, , ,PARLAMENTARIA,18962,54379
2009,GUZMAN TAPIA JUAN,DE VALPARAISO,SENADOR,,2009-12-13,2018,5,2010,INDEPENDIENTE,INDEP,PARLAMENTARIA,15191,15191
2009,VELASQUEZ CARRASCO  LAUTARO,DE VALPARAISO,SENADOR,,2009-12-13,2018,5,2010,INDEPENDIENTE,INDEP,PARLAMENTARIA,4461,4461
2009,SILVA VERGARA RAUL,DE VALPARAISO,SENADOR,,2009-12-13,2018,5,2010,REGIONALISTA DE LOS INDEPENDIE,PRI,PARLAMENTARIA,2901,2901
2009,GARCIA-HUIDOBRO LIRA CRISTIAN,DE VALPARAISO,SENADOR,,2009-12-13,2018,5,2010,INDEPENDIENTE,INDEP,PARLAMENTARIA,2508,2508
2009,COLOMA CORREA JUAN ANTONIO,DEL MAULE,SENADOR,SI,2009-12-13,2018,7,2010,UNION DEMOCRATA INDEPENDIENTE,UDI,PARLAMENTARIA,97614,97614
2009,ZALDIVAR LARRAIN ANDRES,DEL MAULE,SENADOR,SI,2009-12-13,2018,7,2010,DEMOCRATA CRISTIANO,PDC,PARLAMENTARIA,86936,86936
2009,LARRAIN FERNANDEZ HERNAN,DEL MAULE,SENADOR,SI,2009-12-13,2018,7,2010,UNION DEMOCRATA INDEPENDIENTE,UDI,PARLAMENTARIA,68354,68354
2009,RINCON GONZALEZ XIMENA,DEL MAULE,SENADOR,SI,2009-12-13,2018,7,2010,DEMOCRATA CRISTIANO,PDC,PARLAMENTARIA,49241,49241
2009,GAZMURI MUJICA JAIME,DEL MAULE,SENADOR,,2009-12-13,2018,7,2010,SOCIALISTA DE CHILE,PS,PARLAMENTARIA,67957,67957
2009,NARANJO ORTIZ JAIME,DEL MAULE,SENADOR,,2009-12-13,2018,7,2010,SOCIALISTA DE CHILE,PS,PARLAMENTARIA,33181,33181
2009,VOTOS NULOS,DEL MAULE,SENADOR,,2009-12-13,2018,7,2010, , ,PARLAMENTARIA,22826,103619
2009,MORRISON MUNRO ROBERT,DEL MAULE,SENADOR,,2009-12-13,2018,7,2010,RENOVACION NACIONAL,RN,PARLAMENTARIA,17657,17657
2009,VOTOS EN BLANCO,DEL MAULE,SENADOR,,2009-12-13,2018,7,2010, , ,PARLAMENTARIA,14914,54379
2009,BRAVO VALENZUELA MERCEDES,DEL MAULE,SENADOR,,2009-12-13,2018,7,2010,HUMANISTA,PH,PARLAMENTARIA,6986,6986
2009,ARIZTIA CORREA JUAN,DEL MAULE,SENADOR,,2009-12-13,2018,7,2010,INDEPENDIENTE,INDEP,PARLAMENTARIA,6172,6172
2009,CABRERA OLMOS MARILEN,DEL MAULE,SENADOR,,2009-12-13,2018,7,2010,HUMANISTA,PH,PARLAMENTARIA,1583,1583
2009,TUMA ZEDAN EUGENIO,DE LA ARAUCANIA,SENADOR,SI,2009-12-13,2018,9,2010,POR LA DEMOCRACIA,PPD,PARLAMENTARIA,74403,74403
2009,GARCIA RUMINOT JOSE,DE LA ARAUCANIA,SENADOR,SI,2009-12-13,2018,9,2010,RENOVACION NACIONAL,RN,PARLAMENTARIA,57439,57439
2009,ESPINA OTERO ALBERTO,DE LA ARAUCANIA,SENADOR,SI,2009-12-13,2018,9,2010,RENOVACION NACIONAL,RN,PARLAMENTARIA,52082,52082
2009,QUINTANA LEAL JAIME,DE LA ARAUCANIA,SENADOR,SI,2009-12-13,2018,9,2010,POR LA DEMOCRACIA,PPD,PARLAMENTARIA,40120,40120
2009,VON BAER JAHN ENA,DE LA ARAUCANIA,SENADOR,,2009-12-13,2018,9,2010,INDEPENDIENTE,INDEP,PARLAMENTARIA,56697,56697
2009,HUENCHUMILLA JARAMILLO FRANCISCO,DE LA ARAUCANIA,SENADOR,,2009-12-13,2018,9,2010,DEMOCRATA CRISTIANO,PDC,PARLAMENTARIA,51577,51577
2009,MUÑOZ BARRA ROBERTO,DE LA ARAUCANIA,SENADOR,,2009-12-13,2018,9,2010,INDEPENDIENTE,INDEP,PARLAMENTARIA,20126,20126
2009,VOTOS NULOS,DE LA ARAUCANIA,SENADOR,,2009-12-13,2018,9,2010, , ,PARLAMENTARIA,18443,103619
2009,VOTOS EN BLANCO,DE LA ARAUCANIA,SENADOR,,2009-12-13,2018,9,2010, , ,PARLAMENTARIA,11657,54379
2009,DIAZ DEL RIO EDUARDO,DE LA ARAUCANIA,SENADOR,,2009-12-13,2018,9,2010,REGIONALISTA DE LOS INDEPENDIE,PRI,PARLAMENTARIA,11495,11495
2009,JOCELYN-HOLT LETELIER TOMAS,DE LA ARAUCANIA,SENADOR,,2009-12-13,2018,9,2010,DEMOCRATA CRISTIANO,PDC,PARLAMENTARIA,7481,7481
2009,VILLOUTA CARPINELLO CECILIA,DE LA ARAUCANIA,SENADOR,,2009-12-13,2018,9,2010,INDEPENDIENTE,INDEP,PARLAMENTARIA,7255,7255
2009,SANHUEZA BURGOA ENRIQUE,DE LA ARAUCANIA,SENADOR,,2009-12-13,2018,9,2010,INDEPENDIENTE,INDEP,PARLAMENTARIA,6574,6574
2009,VIVANCO MANRIQUEZ LUIS FERNANDO,DE LA ARAUCANIA,SENADOR,,2009-12-13,2018,9,2010,HUMANISTA,PH,PARLAMENTARIA,2794,2794
2009,PRIETO URZUA JUAN ENRIQUE,DE LA ARAUCANIA,SENADOR,,2009-12-13,2018,9,2010,HUMANISTA,PH,PARLAMENTARIA,1611,1611
2009,VILLAGRAN SANDOVAL JOSE,DE LA ARAUCANIA,SENADOR,,2009-12-13,2018,9,2010,INDEPENDIENTE,INDEP,PARLAMENTARIA,1524,1524
2009,HORVATH KISS ANTONIO,AISEN DEL GRAL. CARLOS IBAÑEZ,SENADOR,SI,2009-12-13,2018,11,2010,RENOVACION NACIONAL,RN,PARLAMENTARIA,14250,14250
2009,WALKER PRIETO PATRICIO,AISEN DEL GRAL. CARLOS IBAÑEZ,SENADOR,SI,2009-12-13,2018,11,2010,DEMOCRATA CRISTIANO,PDC,PARLAMENTARIA,11336,11336
2009,CRUCES BURGOS EDUARDO,AISEN DEL GRAL. CARLOS IBAÑEZ,SENADOR,,2009-12-13,2018,11,2010,REGIONALISTA DE LOS INDEPENDIE,PRI,PARLAMENTARIA,6992,6992
2009,FOITZICH SANDOVAL PAZ,AISEN DEL GRAL. CARLOS IBAÑEZ,SENADOR,,2009-12-13,2018,11,2010,REGIONALISTA DE LOS INDEPENDIE,PRI,PARLAMENTARIA,4636,4636
2009,VELASCO RODRIGUEZ ERNESTO,AISEN DEL GRAL. CARLOS IBAÑEZ,SENADOR,,2009-12-13,2018,11,2010,RADICAL SOCIALDEMOCRATA,PRSD,PARLAMENTARIA,3953,3953
2009,VOTOS NULOS,AISEN DEL GRAL. CARLOS IBAÑEZ,SENADOR,,2009-12-13,2018,11,2010, , ,PARLAMENTARIA,1446,103619
2009,VOTOS EN BLANCO,AISEN DEL GRAL. CARLOS IBAÑEZ,SENADOR,,2009-12-13,2018,11,2010, , ,PARLAMENTARIA,1131,54379
2009,ORPIS BOUCHON JAIME,ARICA Y PARINACOTA,SENADOR,SI,2009-12-13,2018,15,2010,UNION DEMOCRATA INDEPENDIENTE,UDI,PARLAMENTARIA,23733,56390
2009,ROSSI CIOCCA FULVIO,ARICA Y PARINACOTA,SENADOR,SI,2009-12-13,2018,15,2010,SOCIALISTA DE CHILE,PS,PARLAMENTARIA,15674,45639
2009,URRUTIA CARDENAS SALVADOR,ARICA Y PARINACOTA,SENADOR,,2009-12-13,2018,15,2010,INDEPENDIENTE,INDEP,PARLAMENTARIA,28226,47087
2009,VOTOS NULOS,ARICA Y PARINACOTA,SENADOR,,2009-12-13,2018,15,2010, , ,PARLAMENTARIA,5172,103619
2009,ESPINOZA CAVIERES DANIEL,ARICA Y PARINACOTA,SENADOR,,2009-12-13,2018,15,2010,DEMOCRATA CRISTIANO,PDC,PARLAMENTARIA,4268,6919
2009,LAGOS COSGROVE JULIO,ARICA Y PARINACOTA,SENADOR,,2009-12-13,2018,15,2010,RENOVACION NACIONAL,RN,PARLAMENTARIA,3389,12348
2009,VOTOS EN BLANCO,ARICA Y PARINACOTA,SENADOR,,2009-12-13,2018,15,2010, , ,PARLAMENTARIA,1967,54379
2013,GUILLIER ALVAREZ ALEJANDRO,DE ANTOFAGASTA,SENADOR,SI,2013-11-17,2022,2,2014,INDEPENDIENTE,INDEP,PARLAMENTARIA,61911,61911
2013,ARAYA GUERRERO PEDRO,DE ANTOFAGASTA,SENADOR,SI,2013-11-17,2022,2,2014,INDEPENDIENTE,INDEP,PARLAMENTARIA,29201,29201
2013,ROJAS MOLINA MANUEL,DE ANTOFAGASTA,SENADOR, ,2013-11-17,2022,2,2014,UNION DEMOCRATA INDEPENDIENTE,UDI,PARLAMENTARIA,39387,39387
2013,CANTERO OJEDA CARLOS,DE ANTOFAGASTA,SENADOR, ,2013-11-17,2022,2,2014,INDEPENDIENTE,INDEP,PARLAMENTARIA,18416,18416
2013,GUEVARA CORTES DANIEL,DE ANTOFAGASTA,SENADOR, ,2013-11-17,2022,2,2014,INDEPENDIENTE,INDEP,PARLAMENTARIA,9931,9931
2013,VOTOS NULOS,DE ANTOFAGASTA,SENADOR, ,2013-11-17,2022,2,2014,  ,  ,PARLAMENTARIA,5031,166402
2013,VOTOS EN BLANCO,DE ANTOFAGASTA,SENADOR, ,2013-11-17,2022,2,2014,  ,  ,PARLAMENTARIA,4595,176649
2013,ORREGO HENRIQUEZ JIMENA ESTRELLA,DE ANTOFAGASTA,SENADOR, ,2013-11-17,2022,2,2014,INDEPENDIENTE,INDEP,PARLAMENTARIA,4218,4218
2013,CONTRERAS BRAÑA GISELA,DE ANTOFAGASTA,SENADOR, ,2013-11-17,2022,2,2014,PARTIDO HUMANISTA,PH,PARLAMENTARIA,3919,3919
2013,PIZARRO SOTO JORGE,DE COQUIMBO,SENADOR,SI,2013-11-17,2022,4,2014,PARTIDO DEMOCRATA CRISTIANO,PDC,PARLAMENTARIA,78713,78713
2013,MUÑOZ D'ALBORA ADRIANA,DE COQUIMBO,SENADOR,SI,2013-11-17,2022,4,2014,PARTIDO POR LA DEMOCRACIA,PPD,PARLAMENTARIA,73562,73562
2013,URIARTE HERRERA GONZALO,DE COQUIMBO,SENADOR, ,2013-11-17,2022,4,2014,UNION DEMOCRATA INDEPENDIENTE,UDI,PARLAMENTARIA,44083,44083
2013,BERTOLINO RENDIC MARIO,DE COQUIMBO,SENADOR, ,2013-11-17,2022,4,2014,RENOVACION NACIONAL,RN,PARLAMENTARIA,28403,28403
2013,VEGA GONZALEZ LUIS,DE COQUIMBO,SENADOR, ,2013-11-17,2022,4,2014,PARTIDO HUMANISTA,PH,PARLAMENTARIA,15574,15574
2013,VOTOS EN BLANCO,DE COQUIMBO,SENADOR, ,2013-11-17,2022,4,2014,  ,  ,PARLAMENTARIA,11027,176649
2013,VOTOS NULOS,DE COQUIMBO,SENADOR, ,2013-11-17,2022,4,2014,  ,  ,PARLAMENTARIA,8475,166402
2013,LETELIER MOREL JUAN PABLO,DEL LIBERTADOR BDO. O'HIGGINS,SENADOR,SI,2013-11-17,2022,6,2014,PARTIDO SOCIALISTA DE CHILE,PS,PARLAMENTARIA,156230,156230
2013,GARCIA-HUIDOBRO SANFUENTES ALEJANDRO,DEL LIBERTADOR BDO. O'HIGGINS,SENADOR,SI,2013-11-17,2022,6,2014,UNION DEMOCRATA INDEPENDIENTE,UDI,PARLAMENTARIA,69061,69061
2013,LATORRE CARMONA JUAN CARLOS,DEL LIBERTADOR BDO. O'HIGGINS,SENADOR, ,2013-11-17,2022,6,2014,PARTIDO DEMOCRATA CRISTIANO,PDC,PARLAMENTARIA,51873,51873
2013,CARDEMIL HERRERA ALBERTO,DEL LIBERTADOR BDO. O'HIGGINS,SENADOR, ,2013-11-17,2022,6,2014,RENOVACION NACIONAL,RN,PARLAMENTARIA,44679,44679
2013,GARCIA MERINO LUIS FELIPE,DEL LIBERTADOR BDO. O'HIGGINS,SENADOR, ,2013-11-17,2022,6,2014,PARTIDO HUMANISTA,PH,PARLAMENTARIA,17530,17530
2013,VOTOS EN BLANCO,DEL LIBERTADOR BDO. O'HIGGINS,SENADOR, ,2013-11-17,2022,6,2014,  ,  ,PARLAMENTARIA,15003,176649
2013,VOTOS NULOS,DEL LIBERTADOR BDO. O'HIGGINS,SENADOR, ,2013-11-17,2022,6,2014,  ,  ,PARLAMENTARIA,12207,166402
2013,NAVARRO BRAIN ALEJANDRO,DEL BIOBIO,SENADOR,SI,2013-11-17,2022,8,2014,MOVIMIENTO AMPLIO SOCIAL,MAS,PARLAMENTARIA,156372,156372
2013,VAN RYSSELBERGHE HERRERA JACQUELINE,DEL BIOBIO,SENADOR,SI,2013-11-17,2022,8,2014,UNION DEMOCRATA INDEPENDIENTE,UDI,PARLAMENTARIA,128451,128451
2013,HARBOE BASCUÑAN FELIPE,DEL BIOBIO,SENADOR,SI,2013-11-17,2022,8,2014,PARTIDO POR LA DEMOCRACIA,PPD,PARLAMENTARIA,121620,121620
2013,PEREZ VARELA VICTOR,DEL BIOBIO,SENADOR,SI,2013-11-17,2022,8,2014,UNION DEMOCRATA INDEPENDIENTE,UDI,PARLAMENTARIA,79298,79298
2013,ESCALONA MEDINA CAMILO,DEL BIOBIO,SENADOR, ,2013-11-17,2022,8,2014,PARTIDO SOCIALISTA DE CHILE,PS,PARLAMENTARIA,82114,82114
2013,SABAG CASTILLO HOSAIN,DEL BIOBIO,SENADOR, ,2013-11-17,2022,8,2014,PARTIDO DEMOCRATA CRISTIANO,PDC,PARLAMENTARIA,53123,53123
2013,GARAY PITA RAFAEL EDUARDO,DEL BIOBIO,SENADOR, ,2013-11-17,2022,8,2014,INDEPENDIENTE,INDEP,PARLAMENTARIA,42259,42259
2013,VOTOS EN BLANCO,DEL BIOBIO,SENADOR, ,2013-11-17,2022,8,2014,  ,  ,PARLAMENTARIA,40273,176649
2013,OYARCE SUAZO ROSA,DEL BIOBIO,SENADOR, ,2013-11-17,2022,8,2014,RENOVACION NACIONAL,RN,PARLAMENTARIA,35380,35380
2013,VOTOS NULOS,DEL BIOBIO,SENADOR, ,2013-11-17,2022,8,2014,  ,  ,PARLAMENTARIA,30911,166402
2013,CARRASCO FRAY JUANITA ODETT,DEL BIOBIO,SENADOR, ,2013-11-17,2022,8,2014,INDEPENDIENTE,INDEP,PARLAMENTARIA,16937,16937
2013,SEGUEL SAN MARTIN HECTOR JOAQUIN,DEL BIOBIO,SENADOR, ,2013-11-17,2022,8,2014,INDEPENDIENTE,INDEP,PARLAMENTARIA,15372,15372
2013,MUÑOZ GUTIERREZ LORETO,DEL BIOBIO,SENADOR, ,2013-11-17,2022,8,2014,PARTIDO HUMANISTA,PH,PARLAMENTARIA,15088,15088
2013,CONTESSE GONZALEZ DANIEL,DEL BIOBIO,SENADOR, ,2013-11-17,2022,8,2014,INDEPENDIENTE,INDEP,PARLAMENTARIA,10885,10885
2013,GONZALEZ GATICA GRACIELA,DEL BIOBIO,SENADOR, ,2013-11-17,2022,8,2014,PARTIDO ECOLOGISTA VERDE,PEV,PARLAMENTARIA,9895,9895
2013,SANDOVAL OJEDA JAVIER,DEL BIOBIO,SENADOR, ,2013-11-17,2022,8,2014,PARTIDO IGUALDAD,I,PARLAMENTARIA,9730,9730
2013,VASQUEZ VARELA OSMAN LENIN,DEL BIOBIO,SENADOR, ,2013-11-17,2022,8,2014,INDEPENDIENTE,INDEP,PARLAMENTARIA,6155,6155
2013,QUINTEROS LARA RABINDRANATH,DE LOS LAGOS,SENADOR,SI,2013-11-17,2022,10,2014,PARTIDO SOCIALISTA DE CHILE,PS,PARLAMENTARIA,135372,135372
2013,MOREIRA BARROS IVAN,DE LOS LAGOS,SENADOR,SI,2013-11-17,2022,10,2014,UNION DEMOCRATA INDEPENDIENTE,UDI,PARLAMENTARIA,54459,54459
2013,ASCENCIO MANSILLA GABRIEL,DE LOS LAGOS,SENADOR, ,2013-11-17,2022,10,2014,PARTIDO DEMOCRATA CRISTIANO,PDC,PARLAMENTARIA,52634,52634
2013,KUSCHEL SILVA CARLOS IGNACIO,DE LOS LAGOS,SENADOR, ,2013-11-17,2022,10,2014,RENOVACION NACIONAL,RN,PARLAMENTARIA,42531,42531
2013,VOTOS EN BLANCO,DE LOS LAGOS,SENADOR, ,2013-11-17,2022,10,2014,  ,  ,PARLAMENTARIA,18806,176649
2013,VOTOS NULOS,DE LOS LAGOS,SENADOR, ,2013-11-17,2022,10,2014,  ,  ,PARLAMENTARIA,10115,166402
2013,GOIC BOROEVIC CAROLINA,DE MAGALLANES Y ANTARTICA CH.,SENADOR,SI,2013-11-17,2022,12,2014,PARTIDO DEMOCRATA CRISTIANO,PDC,PARLAMENTARIA,22714,22714
2013,BIANCHI CHELECH CARLOS,DE MAGALLANES Y ANTARTICA CH.,SENADOR,SI,2013-11-17,2022,12,2014,INDEPENDIENTE,INDEP,PARLAMENTARIA,16330,16330
2013,MARINOVIC SOLO DE ZALDIVAR MIODRAG,DE MAGALLANES Y ANTARTICA CH.,SENADOR, ,2013-11-17,2022,12,2014,INDEPENDIENTE,INDEP,PARLAMENTARIA,11679,11679
2013,MUÑOZ ABURTO PEDRO,DE MAGALLANES Y ANTARTICA CH.,SENADOR, ,2013-11-17,2022,12,2014,PARTIDO SOCIALISTA DE CHILE,PS,PARLAMENTARIA,5364,5364
2013,BERGER DEMPSTER FRANCISCO,DE MAGALLANES Y ANTARTICA CH.,SENADOR, ,2013-11-17,2022,12,2014,INDEPENDIENTE,INDEP,PARLAMENTARIA,2412,2412
2013,VOTOS NULOS,DE MAGALLANES Y ANTARTICA CH.,SENADOR, ,2013-11-17,2022,12,2014,  ,  ,PARLAMENTARIA,1875,166402
2013,VOTOS EN BLANCO,DE MAGALLANES Y ANTARTICA CH.,SENADOR, ,2013-11-17,2022,12,2014,  ,  ,PARLAMENTARIA,1296,176649
2013,TAPIA OGEDA SERGIO,DE MAGALLANES Y ANTARTICA CH.,SENADOR, ,2013-11-17,2022,12,2014,INDEPENDIENTE,INDEP,PARLAMENTARIA,972,972
2013,GIRARDI LAVIN GUIDO,METROPOLITANA DE SANTIAGO,SENADOR,SI,2013-11-17,2022,13,2014,PARTIDO POR LA DEMOCRACIA,PPD,PARLAMENTARIA,360949,360949
2013,OSSANDON IRARRAZABAL MANUEL JOSE,METROPOLITANA DE SANTIAGO,SENADOR,SI,2013-11-17,2022,13,2014,RENOVACION NACIONAL,RN,PARLAMENTARIA,317311,317311
2013,MONTES CISTERNAS CARLOS,METROPOLITANA DE SANTIAGO,SENADOR,SI,2013-11-17,2022,13,2014,PARTIDO SOCIALISTA DE CHILE,PS,PARLAMENTARIA,279196,279196
2013,ALLAMAND ZAVALA ANDRES,METROPOLITANA DE SANTIAGO,SENADOR,SI,2013-11-17,2022,13,2014,RENOVACION NACIONAL,RN,PARLAMENTARIA,240483,240483
2013,GOLBORNE RIVEROS LAURENCE,METROPOLITANA DE SANTIAGO,SENADOR, ,2013-11-17,2022,13,2014,INDEPENDIENTE,INDEP,PARLAMENTARIA,294552,294552
2013,ALVEAR VALENZUELA SOLEDAD,METROPOLITANA DE SANTIAGO,SENADOR, ,2013-11-17,2022,13,2014,PARTIDO DEMOCRATA CRISTIANO,PDC,PARLAMENTARIA,262490,262490
2013,UNDURRAGA VICUÑA ALBERTO,METROPOLITANA DE SANTIAGO,SENADOR, ,2013-11-17,2022,13,2014,PARTIDO DEMOCRATA CRISTIANO,PDC,PARLAMENTARIA,222714,222714
2013,ZALAQUETT SAID PABLO,METROPOLITANA DE SANTIAGO,SENADOR, ,2013-11-17,2022,13,2014,UNION DEMOCRATA INDEPENDIENTE,UDI,PARLAMENTARIA,213516,213516
2013,VOTOS NULOS,METROPOLITANA DE SANTIAGO,SENADOR, ,2013-11-17,2022,13,2014,  ,  ,PARLAMENTARIA,93850,166402
2013,VOTOS EN BLANCO,METROPOLITANA DE SANTIAGO,SENADOR, ,2013-11-17,2022,13,2014,  ,  ,PARLAMENTARIA,77703,176649
2013,GUTIERREZ GONZALEZ EDUARDO,METROPOLITANA DE SANTIAGO,SENADOR, ,2013-11-17,2022,13,2014,INDEPENDIENTE,INDEP,PARLAMENTARIA,50237,50237
2013,CARREÑO FRAILE JOSE ANTONIO,METROPOLITANA DE SANTIAGO,SENADOR, ,2013-11-17,2022,13,2014,INDEPENDIENTE,INDEP,PARLAMENTARIA,42614,42614
2013,FLORES RAMIREZ SERGIO ENRIQUE,METROPOLITANA DE SANTIAGO,SENADOR, ,2013-11-17,2022,13,2014,PARTIDO IGUALDAD,I,PARLAMENTARIA,40301,40301
2013,ALFSEN OVANDO WILFREDO,METROPOLITANA DE SANTIAGO,SENADOR, ,2013-11-17,2022,13,2014,PARTIDO HUMANISTA,PH,PARLAMENTARIA,32030,32030
2013,MUÑOZ FLORES CARLOS ALBERTO,METROPOLITANA DE SANTIAGO,SENADOR, ,2013-11-17,2022,13,2014,PARTIDO HUMANISTA,PH,PARLAMENTARIA,30824,30824
2013,OSSA LAGARRIGUE JUAN GUILLERMO,METROPOLITANA DE SANTIAGO,SENADOR, ,2013-11-17,2022,13,2014,PARTIDO HUMANISTA,PH,PARLAMENTARIA,24432,24432
2013,RENDON ESCOBAR LUIS MARIANO,METROPOLITANA DE SANTIAGO,SENADOR, ,2013-11-17,2022,13,2014,INDEPENDIENTE,INDEP,PARLAMENTARIA,21522,21522
2013,CARRASCO MORA IVAN,METROPOLITANA DE SANTIAGO,SENADOR, ,2013-11-17,2022,13,2014,PARTIDO IGUALDAD,I,PARLAMENTARIA,20661,20661
2013,SILVA CUADRA ESTEBAN VALERIO,METROPOLITANA DE SANTIAGO,SENADOR, ,2013-11-17,2022,13,2014,INDEPENDIENTE,INDEP,PARLAMENTARIA,18674,18674
2013,GUZMAN SINKOVICH PATRICIO,METROPOLITANA DE SANTIAGO,SENADOR, ,2013-11-17,2022,13,2014,PARTIDO HUMANISTA,PH,PARLAMENTARIA,12998,12998
2013,DE URRESTI LONGTON ALFONSO,DE LOS RIOS,SENADOR,SI,2013-11-17,2022,14,2014,PARTIDO SOCIALISTA DE CHILE,PS,PARLAMENTARIA,70179,70179
2013,VON BAER JAHN ENA,DE LOS RIOS,SENADOR,SI,2013-11-17,2022,14,2014,UNION DEMOCRATA INDEPENDIENTE,UDI,PARLAMENTARIA,34192,34192
2013,SCHULTZ OETTINGER FERNANDO ANDRES,DE LOS RIOS,SENADOR, ,2013-11-17,2022,14,2014,RENOVACION NACIONAL,RN,PARLAMENTARIA,24939,24939
2013,VOTOS EN BLANCO,DE LOS RIOS,SENADOR, ,2013-11-17,2022,14,2014,  ,  ,PARLAMENTARIA,7946,176649
2013,MARDONES RIQUELME ABERNEGO,DE LOS RIOS,SENADOR, ,2013-11-17,2022,14,2014,PARTIDO COMUNISTA DE CHILE,PCCh,PARLAMENTARIA,6423,6423
2013,ARAVENA RETAMAL ALEJANDRO,DE LOS RIOS,SENADOR, ,2013-11-17,2022,14,2014,INDEPENDIENTE,INDEP,PARLAMENTARIA,6120,6120
2013,CANDIA OAKLEY DULCELINA YOLANDA ISABEL,DE LOS RIOS,SENADOR, ,2013-11-17,2022,14,2014,INDEPENDIENTE,INDEP,PARLAMENTARIA,3979,3979
2013,MUÑOZ FIGUEROA RODRIGO,DE LOS RIOS,SENADOR, ,2013-11-17,2022,14,2014,PARTIDO HUMANISTA,PH,PARLAMENTARIA,3941,3941
2013,VOTOS NULOS,DE LOS RIOS,SENADOR, ,2013-11-17,2022,14,2014,  ,  ,PARLAMENTARIA,3938,166402
2017,SORIA QUIROGA JORGE,DE TARAPACA,SENADOR,SI,2017-11-19,2020,1,2018,INDEPENDIENTE POR LA DEMOCRACIA,IND,PARLAMENTARIA,31627,31627
2017,EBENSPERGER ORREGO LUZ ,DE TARAPACA,SENADOR,SI,2017-11-19,2020,1,2018,UNION DEMOCRATA INDEPENDIENTE,UDI,PARLAMENTARIA,21195,21195
2017,ROSSI CIOCCA FULVIO,DE TARAPACA,SENADOR, ,2017-11-19,2020,1,2018,CANDIDATURA INDEPENDIENTE,IND,PARLAMENTARIA,22398,22398
2017,CARREÑO CARMONA JUAN CARLOS,DE TARAPACA,SENADOR, ,2017-11-19,2020,1,2018,RENOVACION NACIONAL,RN,PARLAMENTARIA,4244,4244
2017,ROJAS SARAPURA RIGOBERTO DEL CARMEN,DE TARAPACA,SENADOR, ,2017-11-19,2020,1,2018,INDEPENDIENTE PODER,IND,PARLAMENTARIA,3878,3878
2017,GUROVICH STEINER GABRIEL,DE TARAPACA,SENADOR, ,2017-11-19,2020,1,2018,TODOS,TODOS,PARLAMENTARIA,3445,3445
2017,VOTOS NULOS,DE TARAPACA,SENADOR,,2017-11-19,2020,1,2018,,,PARLAMENTARIA,2152,71010
2017,MITROVIC VARELA FRANITZA,DE TARAPACA,SENADOR, ,2017-11-19,2020,1,2018,INDEPENDIENTE SOCIALISTA DE CHILE,IND,PARLAMENTARIA,1846,1846
2017,VOTOS EN BLANCO,DE TARAPACA,SENADOR,,2017-11-19,2020,1,2018,,,PARLAMENTARIA,1643,81916
2017,ABARCA IBARRA ASTRID,DE TARAPACA,SENADOR, ,2017-11-19,2020,1,2018,INDEPENDIENTE SOCIALISTA DE CHILE,IND,PARLAMENTARIA,1530,1530
2017,BOYARDI VILLALOBOS PAMELA ,DE TARAPACA,SENADOR, ,2017-11-19,2020,1,2018,RENOVACION NACIONAL,RN,PARLAMENTARIA,1426,1426
2017,VERGARA BRAVO LORENA,DE TARAPACA,SENADOR, ,2017-11-19,2020,1,2018,INDEPENDIENTE TODOS,IND,PARLAMENTARIA,484,484
2017,GUAJARDO BIZAMA ALEJANDRA ,DE TARAPACA,SENADOR, ,2017-11-19,2020,1,2018,INDEPENDIENTE TODOS,IND,PARLAMENTARIA,408,408
2017,PROVOSTE CAMPILLAY YASNA,DE ATACAMA,SENADOR,SI,2017-11-19,2020,3,2018,DEMOCRATA CRISTIANO,PDC,PARLAMENTARIA,32598,32598
2017,PROHENS ESPINOSA RAFAEL,DE ATACAMA,SENADOR,SI,2017-11-19,2020,3,2018,RENOVACION NACIONAL,RN,PARLAMENTARIA,17604,17604
2017,CARMONA SOTO LAUTARO,DE ATACAMA,SENADOR, ,2017-11-19,2020,3,2018,COMUNISTA DE CHILE,PCCH,PARLAMENTARIA,16724,16724
2017,WARD EDWARDS FELIPE,DE ATACAMA,SENADOR, ,2017-11-19,2020,3,2018,UNION DEMOCRATA INDEPENDIENTE,UDI,PARLAMENTARIA,14289,14289
2017,ROBLES PANTOJA ALBERTO,DE ATACAMA,SENADOR, ,2017-11-19,2020,3,2018,RADICAL SOCIALDEMOCRATA,PRSD,PARLAMENTARIA,5442,5442
2017,GUZMAN ROJAS GLORIA,DE ATACAMA,SENADOR, ,2017-11-19,2020,3,2018,PODER,PODER,PARLAMENTARIA,4175,4175
2017,VOTOS EN BLANCO,DE ATACAMA,SENADOR,,2017-11-19,2020,3,2018,,,PARLAMENTARIA,2942,81916
2017,VOTOS NULOS,DE ATACAMA,SENADOR,,2017-11-19,2020,3,2018,,,PARLAMENTARIA,2603,71010
2017,VARGAS GUERRA JORGE,DE ATACAMA,SENADOR, ,2017-11-19,2020,3,2018,FEDERACION REGIONALISTA VERDE SOCIAL,FRVS,PARLAMENTARIA,1457,1457
2017,PERALTA ARAVENA CAROLINA ,DE ATACAMA,SENADOR, ,2017-11-19,2020,3,2018,POR LA DEMOCRACIA,PPD,PARLAMENTARIA,1299,1299
2017,PEREZ MATURANA ELIZABETH,DE ATACAMA,SENADOR, ,2017-11-19,2020,3,2018,FEDERACION REGIONALISTA VERDE SOCIAL,FRVS,PARLAMENTARIA,940,940
2017,PASTENES CABEZAS TOMAS REINALDO,DE ATACAMA,SENADOR, ,2017-11-19,2020,3,2018,INDEPENDIENTE MAS REGION,IND,PARLAMENTARIA,650,650
2017,CHAHUAN CHAHUAN FRANCISCO,DE VALPARAISO,SENADOR,SI,2017-11-19,2020,5,2018,RENOVACION NACIONAL,RN,PARLAMENTARIA,150065,150065
2017,LAGOS WEBER RICARDO ,DE VALPARAISO,SENADOR,SI,2017-11-19,2020,5,2018,POR LA DEMOCRACIA,PPD,PARLAMENTARIA,74031,74031
2017,ALLENDE BUSSI ISABEL,DE VALPARAISO,SENADOR,SI,2017-11-19,2020,5,2018,SOCIALISTA DE CHILE,PSCH,PARLAMENTARIA,59214,59214
2017,LATORRE RIVEROS JUAN IGNACIO,DE VALPARAISO,SENADOR,SI,2017-11-19,2020,5,2018,REVOLUCION DEMOCRATICA,RD,PARLAMENTARIA,30545,30545
2017,PUGH OLAVARRIA KENNETH ,DE VALPARAISO,SENADOR,SI,2017-11-19,2020,5,2018,INDEPENDIENTE RENOVACION NACIONAL,IND,PARLAMENTARIA,14203,14203
2017,MOLINA OLIVA ANDREA,DE VALPARAISO,SENADOR, ,2017-11-19,2020,5,2018,UNION DEMOCRATA INDEPENDIENTE,UDI,PARLAMENTARIA,64686,64686
2017,PEREZ SAN MARTIN LILY ,DE VALPARAISO,SENADOR, ,2017-11-19,2020,5,2018,AMPLITUD,AMPLI,PARLAMENTARIA,35496,35496
2017,VOTOS NULOS,DE VALPARAISO,SENADOR,,2017-11-19,2020,5,2018,,,PARLAMENTARIA,31651,71010
2017,WALKER PRIETO IGNACIO,DE VALPARAISO,SENADOR, ,2017-11-19,2020,5,2018,DEMOCRATA CRISTIANO,PDC,PARLAMENTARIA,30872,30872
2017,VOTOS EN BLANCO,DE VALPARAISO,SENADOR,,2017-11-19,2020,5,2018,,,PARLAMENTARIA,29964,81916
2017,RIVAS SANCHEZ GASPAR ,DE VALPARAISO,SENADOR, ,2017-11-19,2020,5,2018,CANDIDATURA INDEPENDIENTE,IND,PARLAMENTARIA,29404,29404
2017,VALENCIA BECERRA MONICA ,DE VALPARAISO,SENADOR, ,2017-11-19,2020,5,2018,IGUALDAD,IGUALDAD,PARLAMENTARIA,26655,26655
2017,AVILA CONTRERAS NELSON JAIME,DE VALPARAISO,SENADOR, ,2017-11-19,2020,5,2018,RADICAL SOCIALDEMOCRATA,PRSD,PARLAMENTARIA,23234,23234
2017,GONZALEZ OJEDA OCTAVIO ,DE VALPARAISO,SENADOR, ,2017-11-19,2020,5,2018,HUMANISTA,PH,PARLAMENTARIA,22997,22997
2017,NUÑEZ LOZANO MARCO ANTONIO,DE VALPARAISO,SENADOR, ,2017-11-19,2020,5,2018,POR LA DEMOCRACIA,PPD,PARLAMENTARIA,19788,19788
2017,CORNEJO GONZALEZ ALDO VICENTE,DE VALPARAISO,SENADOR, ,2017-11-19,2020,5,2018,DEMOCRATA CRISTIANO,PDC,PARLAMENTARIA,16381,16381
2017,MARIN CASTRO FRANCISCO GABRIEL,DE VALPARAISO,SENADOR, ,2017-11-19,2020,5,2018,INDEPENDIENTE PODER,IND,PARLAMENTARIA,16222,16222
2017,BARTOLUCCI JOHNSTON FRANCISCO,DE VALPARAISO,SENADOR, ,2017-11-19,2020,5,2018,UNION DEMOCRATA INDEPENDIENTE,UDI,PARLAMENTARIA,9446,9446
2017,COLOANE ROJAS FRANCISCO ,DE VALPARAISO,SENADOR, ,2017-11-19,2020,5,2018,INDEPENDIENTE PROGRESISTA,IND,PARLAMENTARIA,5067,5067
2017,ZAMORA BRAVO CARMEN XIMENA,DE VALPARAISO,SENADOR, ,2017-11-19,2020,5,2018,RENOVACION NACIONAL,RN,PARLAMENTARIA,4552,4552
2017,GALLARDO PEREZ ABEL ,DE VALPARAISO,SENADOR, ,2017-11-19,2020,5,2018,SOCIALISTA DE CHILE,PSCH,PARLAMENTARIA,4476,4476
2017,JIMENEZ GALLARDO PAMELA AIDA,DE VALPARAISO,SENADOR, ,2017-11-19,2020,5,2018,PROGRESISTA,PRO,PARLAMENTARIA,3601,3601
2017,ARAVENA EGAÑA LUIS ,DE VALPARAISO,SENADOR, ,2017-11-19,2020,5,2018,UNION PATRIOTICA,UPA,PARLAMENTARIA,3519,3519
2017,PEREZ MENESES HECTOR CHRISTIAN,DE VALPARAISO,SENADOR, ,2017-11-19,2020,5,2018,INDEPENDIENTE PROGRESISTA,IND,PARLAMENTARIA,2669,2669
2017,UGARTE FUENTES JULIAN ANDRES,DE VALPARAISO,SENADOR, ,2017-11-19,2020,5,2018,INDEPENDIENTE AMPLITUD,IND,PARLAMENTARIA,2415,2415
2017,VENEGAS SANHUEZA VLADEMIR ,DE VALPARAISO,SENADOR, ,2017-11-19,2020,5,2018,UNION PATRIOTICA,UPA,PARLAMENTARIA,2302,2302
2017,ZENCOVICH MADRID ORIELE ANGELINA,DE VALPARAISO,SENADOR, ,2017-11-19,2020,5,2018,DEMOCRATA CRISTIANO,PDC,PARLAMENTARIA,2185,2185
2017,BUSTAMANTE DIAZ JOSEFINA,DE VALPARAISO,SENADOR, ,2017-11-19,2020,5,2018,RADICAL SOCIALDEMOCRATA,PRSD,PARLAMENTARIA,2103,2103
2017,RAMIREZ GUTIERREZ XIMENA,DE VALPARAISO,SENADOR, ,2017-11-19,2020,5,2018,UNION DEMOCRATA INDEPENDIENTE,UDI,PARLAMENTARIA,1671,1671
2017,SARIEGO PASTEN PEDRO,DE VALPARAISO,SENADOR, ,2017-11-19,2020,5,2018,AMPLITUD,AMPLI,PARLAMENTARIA,1515,1515
2017,CARO MORALES BERTA ,DE VALPARAISO,SENADOR, ,2017-11-19,2020,5,2018,UNION PATRIOTICA,UPA,PARLAMENTARIA,1452,1452
2017,CUADROS MATAMALA ANA ,DE VALPARAISO,SENADOR, ,2017-11-19,2020,5,2018,AMPLITUD,AMPLI,PARLAMENTARIA,1250,1250
2017,NUÑEZ PONCE ALBERTO EDUARDO,DE VALPARAISO,SENADOR, ,2017-11-19,2020,5,2018,AMPLITUD,AMPLI,PARLAMENTARIA,1213,1213
2017,REMENTERIA PALOMINO OSCAR,DE VALPARAISO,SENADOR, ,2017-11-19,2020,5,2018,INDEPENDIENTE AMPLITUD,IND,PARLAMENTARIA,665,665
2017,COLOMA CORREA JUAN ANTONIO,DEL MAULE,SENADOR,SI,2017-11-19,2020,7,2018,UNION DEMOCRATA INDEPENDIENTE,UDI,PARLAMENTARIA,58616,58616
2017,CASTRO PRIETO JUAN,DEL MAULE,SENADOR,SI,2017-11-19,2020,7,2018,INDEPENDIENTE RENOVACION NACIONAL,IND,PARLAMENTARIA,54480,54480
2017,RINCON GONZALEZ XIMENA,DEL MAULE,SENADOR,SI,2017-11-19,2020,7,2018,DEMOCRATA CRISTIANO,PDC,PARLAMENTARIA,38750,38750
2017,ELIZALDE SOTO ALVARO ,DEL MAULE,SENADOR,SI,2017-11-19,2020,7,2018,SOCIALISTA DE CHILE,PSCH,PARLAMENTARIA,30914,30914
2017,GALILEA VIAL RODRIGO,DEL MAULE,SENADOR,SI,2017-11-19,2020,7,2018,RENOVACION NACIONAL,RN,PARLAMENTARIA,28221,28221
2017,VELASCO BRAÑES ANDRES,DEL MAULE,SENADOR, ,2017-11-19,2020,7,2018,CIUDADANOS,CIUDADANOS,PARLAMENTARIA,38862,38862
2017,ZALDIVAR LARRAIN ANDRES,DEL MAULE,SENADOR, ,2017-11-19,2020,7,2018,DEMOCRATA CRISTIANO,PDC,PARLAMENTARIA,29598,29598
2017,VOTOS EN BLANCO,DEL MAULE,SENADOR,,2017-11-19,2020,7,2018,,,PARLAMENTARIA,22993,81916
2017,SFEIR YOUNIS ALFREDO JUAN,DEL MAULE,SENADOR, ,2017-11-19,2020,7,2018,INDEPENDIENTE LIBERAL DE CHILE,IND,PARLAMENTARIA,21142,21142
2017,VOTOS NULOS,DEL MAULE,SENADOR,,2017-11-19,2020,7,2018,,,PARLAMENTARIA,17150,71010
2017,TARUD DACCARETT JORGE CARLOS,DEL MAULE,SENADOR, ,2017-11-19,2020,7,2018,POR LA DEMOCRACIA,PPD,PARLAMENTARIA,14095,14095
2017,CANCINO ROSSON YASNA ,DEL MAULE,SENADOR, ,2017-11-19,2020,7,2018,INDEPENDIENTE UNION DEMOCRATA INDEPENDIENTE,IND,PARLAMENTARIA,7752,7752
2017,LORENZINI LORENZINI MARIA EUGENIA,DEL MAULE,SENADOR, ,2017-11-19,2020,7,2018,REVOLUCION DEMOCRATICA,RD,PARLAMENTARIA,4781,4781
2017,LANDAETA PARRA VIVIANA,DEL MAULE,SENADOR, ,2017-11-19,2020,7,2018,SOCIALISTA DE CHILE,PSCH,PARLAMENTARIA,4340,4340
2017,ROMERO PEÑA MARIA CECILIA DE LOURDES,DEL MAULE,SENADOR, ,2017-11-19,2020,7,2018,PAIS,PAIS,PARLAMENTARIA,3489,3489
2017,ALFSEN OVANDO WILFREDO,DEL MAULE,SENADOR, ,2017-11-19,2020,7,2018,HUMANISTA,PH,PARLAMENTARIA,3469,3469
2017,RUZ ZAÑARTU GUSTAVO AURELIO,DEL MAULE,SENADOR, ,2017-11-19,2020,7,2018,INDEPENDIENTE PAIS,IND,PARLAMENTARIA,3457,3457
2017,VILLALOBOS SEPULVEDA CARLOS,DEL MAULE,SENADOR, ,2017-11-19,2020,7,2018,SOCIALISTA DE CHILE,PSCH,PARLAMENTARIA,3238,3238
2017,PONS PORCILE MACARENA,DEL MAULE,SENADOR, ,2017-11-19,2020,7,2018,INDEPENDIENTE RENOVACION NACIONAL,IND,PARLAMENTARIA,3198,3198
2017,ARIAS QUIROGA JIMENA,DEL MAULE,SENADOR, ,2017-11-19,2020,7,2018,HUMANISTA,PH,PARLAMENTARIA,3148,3148
2017,ALFARO CHAVEZ SANDRA BEATRIZ,DEL MAULE,SENADOR, ,2017-11-19,2020,7,2018,PROGRESISTA,PRO,PARLAMENTARIA,2811,2811
2017,GUERRA MEDINA MARTA,DEL MAULE,SENADOR, ,2017-11-19,2020,7,2018,HUMANISTA,PH,PARLAMENTARIA,2589,2589
2017,ROMERO NEIRA PAULA ANDREA,DEL MAULE,SENADOR, ,2017-11-19,2020,7,2018,CIUDADANOS,CIUDADANOS,PARLAMENTARIA,2142,2142
2017,CONCHA LE-BEUFFE FRANCISCA,DEL MAULE,SENADOR, ,2017-11-19,2020,7,2018,INDEPENDIENTE UNION DEMOCRATA INDEPENDIENTE,IND,PARLAMENTARIA,1943,1943
2017,SEPULVEDA GONZALEZ YURI,DEL MAULE,SENADOR, ,2017-11-19,2020,7,2018,INDEPENDIENTE REVOLUCION DEMOCRATICA,IND,PARLAMENTARIA,1792,1792
2017,MARTINEZ MOYA ALBERTO NICANOR,DEL MAULE,SENADOR, ,2017-11-19,2020,7,2018,INDEPENDIENTE CIUDADANOS,IND,PARLAMENTARIA,1777,1777
2017,SALAZAR BARRA GRACE MARICEL,DEL MAULE,SENADOR, ,2017-11-19,2020,7,2018,INDEPENDIENTE CIUDADANOS,IND,PARLAMENTARIA,1506,1506
2017,CARO VERA LILIANA,DEL MAULE,SENADOR, ,2017-11-19,2020,7,2018,POR LA DEMOCRACIA,PPD,PARLAMENTARIA,1298,1298
2017,BRAVO MORENO ESTEBAN,DEL MAULE,SENADOR, ,2017-11-19,2020,7,2018,INDEPENDIENTE CIUDADANOS,IND,PARLAMENTARIA,1247,1247
2017,LEAL ALBORNOZ VALERIA JENOVEVA,DEL MAULE,SENADOR, ,2017-11-19,2020,7,2018,INDEPENDIENTE POR LA DEMOCRACIA,IND,PARLAMENTARIA,1079,1079
2017,KAST SOMMERHOFF FELIPE,DE LA ARAUCANIA,SENADOR,SI,2017-11-19,2020,9,2018,EVOLUCION POLITICA,EVOPOLI,PARLAMENTARIA,63605,63605
2017,HUENCHUMILLA JARAMILLO FRANCISCO ,DE LA ARAUCANIA,SENADOR,SI,2017-11-19,2020,9,2018,DEMOCRATA CRISTIANO,PDC,PARLAMENTARIA,38203,38203
2017,QUINTANA LEAL JAIME,DE LA ARAUCANIA,SENADOR,SI,2017-11-19,2020,9,2018,POR LA DEMOCRACIA,PPD,PARLAMENTARIA,34331,34331
2017,GARCIA RUMINOT JOSE,DE LA ARAUCANIA,SENADOR,SI,2017-11-19,2020,9,2018,RENOVACION NACIONAL,RN,PARLAMENTARIA,33493,33493
2017,ARAVENA ACUÑA CARMEN GLORIA,DE LA ARAUCANIA,SENADOR,SI,2017-11-19,2020,9,2018,EVOLUCION POLITICA,EVOPOLI,PARLAMENTARIA,4185,4185
2017,CHAHIN VALENZUELA FUAD EDUARDO,DE LA ARAUCANIA,SENADOR, ,2017-11-19,2020,9,2018,DEMOCRATA CRISTIANO,PDC,PARLAMENTARIA,37961,37961
2017,BECKER ALVEAR GERMAN,DE LA ARAUCANIA,SENADOR, ,2017-11-19,2020,9,2018,RENOVACION NACIONAL,RN,PARLAMENTARIA,25608,25608
2017,EDWARDS SILVA ROJO,DE LA ARAUCANIA,SENADOR, ,2017-11-19,2020,9,2018,CANDIDATURA INDEPENDIENTE,IND,PARLAMENTARIA,22074,22074
2017,VOTOS EN BLANCO,DE LA ARAUCANIA,SENADOR,,2017-11-19,2020,9,2018,,,PARLAMENTARIA,21435,81916
2017,VOTOS NULOS,DE LA ARAUCANIA,SENADOR,,2017-11-19,2020,9,2018,,,PARLAMENTARIA,14570,71010
2017,DIAZ HERRERA EDUARDO,DE LA ARAUCANIA,SENADOR, ,2017-11-19,2020,9,2018,AMPLITUD,AMPLI,PARLAMENTARIA,13393,13393
2017,HUILCAMAN PAILLAMA AUCAN,DE LA ARAUCANIA,SENADOR, ,2017-11-19,2020,9,2018,INDEPENDIENTE HUMANISTA,IND,PARLAMENTARIA,11794,11794
2017,HASBUN SELUME GUSTAVO,DE LA ARAUCANIA,SENADOR, ,2017-11-19,2020,9,2018,UNION DEMOCRATA INDEPENDIENTE,UDI,PARLAMENTARIA,11764,11764
2017,ANCALAO GAVILAN DIEGO ALEXIS,DE LA ARAUCANIA,SENADOR, ,2017-11-19,2020,9,2018,INDEPENDIENTE HUMANISTA,IND,PARLAMENTARIA,6118,6118
2017,PIZARRO CHAÑILAO ALBERTO ANTONIO,DE LA ARAUCANIA,SENADOR, ,2017-11-19,2020,9,2018,POR LA DEMOCRACIA,PPD,PARLAMENTARIA,5949,5949
2017,VIDAL DIAZ EMA ,DE LA ARAUCANIA,SENADOR, ,2017-11-19,2020,9,2018,AMPLITUD,AMPLI,PARLAMENTARIA,3789,3789
2017,ORTIZ SOTO JUAN,DE LA ARAUCANIA,SENADOR, ,2017-11-19,2020,9,2018,HUMANISTA,PH,PARLAMENTARIA,3657,3657
2017,COÑOMAN CARRILLO PATRICIA DEL CARMEN,DE LA ARAUCANIA,SENADOR, ,2017-11-19,2020,9,2018,COMUNISTA DE CHILE,PCCH,PARLAMENTARIA,3501,3501
2017,PALMA NUÑEZ CLAUDIA ANDREA,DE LA ARAUCANIA,SENADOR, ,2017-11-19,2020,9,2018,POR LA DEMOCRACIA,PPD,PARLAMENTARIA,3248,3248
2017,MELENDEZ TORMEN GABRIELA PAZ,DE LA ARAUCANIA,SENADOR, ,2017-11-19,2020,9,2018,HUMANISTA,PH,PARLAMENTARIA,3157,3157
2017,DOMINGUEZ ROSAS FLOR ,DE LA ARAUCANIA,SENADOR, ,2017-11-19,2020,9,2018,SOCIALISTA DE CHILE,PSCH,PARLAMENTARIA,2962,2962
2017,VILLAGRAN SANDOVAL JOSE,DE LA ARAUCANIA,SENADOR, ,2017-11-19,2020,9,2018,UNION DEMOCRATA INDEPENDIENTE,UDI,PARLAMENTARIA,2493,2493
2017,MUJICA ASCUI GLORIA,DE LA ARAUCANIA,SENADOR, ,2017-11-19,2020,9,2018,HUMANISTA,PH,PARLAMENTARIA,2078,2078
2017,RUDOLPH ESPINOZA TATIANA ,DE LA ARAUCANIA,SENADOR, ,2017-11-19,2020,9,2018,AMPLITUD,AMPLI,PARLAMENTARIA,1724,1724
2017,TORMEN MENDEZ LUCIA CECILIA,DE LA ARAUCANIA,SENADOR, ,2017-11-19,2020,9,2018,HUMANISTA,PH,PARLAMENTARIA,1483,1483
2017,RAMIREZ VILLAGRA JUAN EDILBERTO,DE LA ARAUCANIA,SENADOR, ,2017-11-19,2020,9,2018,AMPLITUD,AMPLI,PARLAMENTARIA,1148,1148
2017,SANDOVAL PLAZA DAVID,AISEN DEL GRAL. CARLOS IBAÑEZ,SENADOR,SI,2017-11-19,2020,11,2018,UNION DEMOCRATA INDEPENDIENTE,UDI,PARLAMENTARIA,7320,7320
2017,ORDENES NEIRA XIMENA,AISEN DEL GRAL. CARLOS IBAÑEZ,SENADOR,SI,2017-11-19,2020,11,2018,INDEPENDIENTE POR LA DEMOCRACIA,IND,PARLAMENTARIA,5405,5405
2017,FOITZICH SANDOVAL PAZ MARITZA,AISEN DEL GRAL. CARLOS IBAÑEZ,SENADOR, ,2017-11-19,2020,11,2018,DEMOCRATA CRISTIANO,PDC,PARLAMENTARIA,5743,5743
2017,CRUCES BURGOS EDUARDO,AISEN DEL GRAL. CARLOS IBAÑEZ,SENADOR, ,2017-11-19,2020,11,2018,DEMOCRATA CRISTIANO,PDC,PARLAMENTARIA,4939,4939
2017,CUEVAS MARDONES PILAR,AISEN DEL GRAL. CARLOS IBAÑEZ,SENADOR, ,2017-11-19,2020,11,2018,RENOVACION NACIONAL,RN,PARLAMENTARIA,4168,4168
2017,MUÑOZ GONZALEZ LUPERCIANO SEGUNDO,AISEN DEL GRAL. CARLOS IBAÑEZ,SENADOR, ,2017-11-19,2020,11,2018,INDEPENDIENTE RADICAL SOCIALDEMOCRATA,IND,PARLAMENTARIA,3670,3670
2017,ESCALONA MEDINA CAMILO,AISEN DEL GRAL. CARLOS IBAÑEZ,SENADOR, ,2017-11-19,2020,11,2018,SOCIALISTA DE CHILE,PSCH,PARLAMENTARIA,2178,2178
2017,VOTOS EN BLANCO,AISEN DEL GRAL. CARLOS IBAÑEZ,SENADOR,,2017-11-19,2020,11,2018,,,PARLAMENTARIA,1384,81916
2017,VOTOS NULOS,AISEN DEL GRAL. CARLOS IBAÑEZ,SENADOR,,2017-11-19,2020,11,2018,,,PARLAMENTARIA,948,71010
2017,BARRIENTOS ALVAREZ ALEJANDRO ,AISEN DEL GRAL. CARLOS IBAÑEZ,SENADOR, ,2017-11-19,2020,11,2018,REVOLUCION DEMOCRATICA,RD,PARLAMENTARIA,664,664
2017,RIVERA ROA JENNY DEL CARMEN,AISEN DEL GRAL. CARLOS IBAÑEZ,SENADOR, ,2017-11-19,2020,11,2018,REVOLUCION DEMOCRATICA,RD,PARLAMENTARIA,423,423
2017,PEREZ OSORIO CARLOS ADOLFO,AISEN DEL GRAL. CARLOS IBAÑEZ,SENADOR, ,2017-11-19,2020,11,2018,DEMOCRACIA REGIONAL PATAGONICA,DR-P,PARLAMENTARIA,271,271
2017,CHAVEZ MARCHANT CARLOS ,AISEN DEL GRAL. CARLOS IBAÑEZ,SENADOR, ,2017-11-19,2020,11,2018,INDEPENDIENTE TODOS,IND,PARLAMENTARIA,255,255
2017,MUÑOZ ARAYA ANTONELLA ,AISEN DEL GRAL. CARLOS IBAÑEZ,SENADOR, ,2017-11-19,2020,11,2018,INDEPENDIENTE DEMOCRACIA REGIONAL PATAGONICA,IND,PARLAMENTARIA,247,247
2017,VARGAS FOURCADE RAUL ,AISEN DEL GRAL. CARLOS IBAÑEZ,SENADOR, ,2017-11-19,2020,11,2018,TODOS,TODOS,PARLAMENTARIA,161,161
2017,VODANOVIC SCHNAKE HERNAN,AISEN DEL GRAL. CARLOS IBAÑEZ,SENADOR, ,2017-11-19,2020,11,2018,INDEPENDIENTE DEMOCRATA CRISTIANO,IND,PARLAMENTARIA,136,136
2017,VERDUGO BADILLA ANA,AISEN DEL GRAL. CARLOS IBAÑEZ,SENADOR, ,2017-11-19,2020,11,2018,RENOVACION NACIONAL,RN,PARLAMENTARIA,118,118
2017,INSULZA SALINAS JOSE MIGUEL,ARICA Y PARINACOTA,SENADOR,SI,2017-11-19,2020,15,2018,SOCIALISTA DE CHILE,PSCH,PARLAMENTARIA,14501,14501
2017,DURANA SEMIR JOSE ,ARICA Y PARINACOTA,SENADOR,SI,2017-11-19,2020,15,2018,UNION DEMOCRATA INDEPENDIENTE,UDI,PARLAMENTARIA,9639,9639
2017,LEE FLORES ENRIQUE ,ARICA Y PARINACOTA,SENADOR, ,2017-11-19,2020,15,2018,CANDIDATURA INDEPENDIENTE,IND,PARLAMENTARIA,14824,14824
2017,URRUTIA CARDENAS SALVADOR PEDRO,ARICA Y PARINACOTA,SENADOR, ,2017-11-19,2020,15,2018,INDEPENDIENTE POR LA DEMOCRACIA,IND,PARLAMENTARIA,8159,8159
2017,FOPPIANO DIAZ VERONICA ,ARICA Y PARINACOTA,SENADOR, ,2017-11-19,2020,15,2018,LIBERAL DE CHILE,PL,PARLAMENTARIA,7611,7611
2017,BARBOSA BARRIOS RODOLFO ,ARICA Y PARINACOTA,SENADOR, ,2017-11-19,2020,15,2018,INDEPENDIENTE RENOVACION NACIONAL,IND,PARLAMENTARIA,7118,7118
2017,DIAZ BOGDANIC RODRIGO,ARICA Y PARINACOTA,SENADOR, ,2017-11-19,2020,15,2018,PODER,PODER,PARLAMENTARIA,4199,4199
2017,VOTOS NULOS,ARICA Y PARINACOTA,SENADOR,,2017-11-19,2020,15,2018,,,PARLAMENTARIA,1936,71010
2017,OJEDA MURILLO CLAUDIO,ARICA Y PARINACOTA,SENADOR, ,2017-11-19,2020,15,2018,HUMANISTA,PH,PARLAMENTARIA,1688,1688
2017,VOTOS EN BLANCO,ARICA Y PARINACOTA,SENADOR,,2017-11-19,2020,15,2018,,,PARLAMENTARIA,1555,81916
2017,ARANCIBIA CRUZ MIRTHA ,ARICA Y PARINACOTA,SENADOR, ,2017-11-19,2020,15,2018,RENOVACION NACIONAL,RN,PARLAMENTARIA,1068,1068
2017,PIZARRO BOSSAY PABLO ANTONIO,ARICA Y PARINACOTA,SENADOR, ,2017-11-19,2020,15,2018,INDEPENDIENTE PROGRESISTA,IND,PARLAMENTARIA,960,960
2017,ZAPATA VELASQUEZ SANDRA CECILIA ,ARICA Y PARINACOTA,SENADOR, ,2017-11-19,2020,15,2018,INDEPENDIENTE PROGRESISTA,IND,PARLAMENTARIA,836,836
2017,PARRA CORREA TRINIDAD VICTORIA,ARICA Y PARINACOTA,SENADOR, ,2017-11-19,2020,15,2018,INDEPENDIENTE DEMOCRATA CRISTIANO,IND,PARLAMENTARIA,813,813
